"Page URL"	"Page title"	"Page HTTP code"	"UR"	"First seen"	"Last crawled"	"Last attempt"
"https://juan-tech.com/en/blog/seo/que-es-css"	"¿Qué es CSS? | Aprende Hojas de Estilo en Cascada"	"200"	"0"	"2026-03-29 16:05:36"	"2026-04-06 19:35:12"	"2026-04-06 19:35:12"
"https://juan-tech.com/en/blog"	"Technical SEO & Web Engineering Blog | Juan Tech"	"200"	"0"	"2026-02-14 08:03:21"	"2026-04-06 17:04:07"	"2026-04-06 17:04:07"
"https://juan-tech.com/blog/seo/guia-keyword-research"	""	"404"	"0"	"2026-03-28 11:29:57"	"2026-04-06 14:12:45"	"2026-04-06 14:12:45"
"https://juan-tech.com/case-studies/cs-integration-1761204420487"	""	"307"	"0"	"2025-12-17 14:17:26"	"2026-01-24 22:03:59"	"2026-04-06 04:34:18"
"https://juan-tech.com/case-studies/cs-integration-1761208107710"	""	"307"	"0"	"2025-12-17 14:17:26"	"2026-01-24 21:03:49"	"2026-04-06 03:00:26"
"https://juan-tech.com/"	"Consultor SEO Técnico Freelance | Juan Carlos Angulo"	"200"	"0"	"2024-05-21 21:35:48"	"2026-04-05 22:21:24"	"2026-04-05 22:21:24"
"https://juan-tech.com/case-studies/cs-integration-1761245423363"	""	"307"	"0"	"2025-12-17 14:17:26"	"2026-01-24 19:28:15"	"2026-04-05 19:57:49"
"https://juan-tech.com/blog/cs-fundamentals/experiencia-de-usuario"	""	"404"	"0"	"2026-03-03 03:31:36"	"2026-04-05 18:19:42"	"2026-04-05 18:19:42"
"https://juan-tech.com/blog/general/tech-seo-guide"	"Guía de SEO Técnico 2026: Rastreo, Core Web Vitals y Rendimiento"	"200"	"0"	"2026-02-22 03:40:44"	"2026-04-05 15:47:22"	"2026-04-05 15:47:22"
"https://juan-tech.com/en/search"	"search"	"200"	"0"	"1970-01-01 00:00:00"	"2026-04-05 09:51:21"	"2026-04-05 09:51:21"
"https://juan-tech.com/blog/seo/guia-eeat"	""	"404"	"0"	"2026-03-20 22:12:46"	"2026-04-05 06:36:46"	"2026-04-05 06:36:46"
"https://juan-tech.com/blog/cs-fundamentals/sql-vs-nosql"	""	"404"	"0"	"2026-02-26 01:34:04"	"2026-04-05 04:17:11"	"2026-04-05 04:17:11"
"https://juan-tech.com/terms"	"Términos de Servicio — Juan Carlos Angulo"	"200"	"0"	"2026-02-06 23:50:21"	"2026-04-05 02:49:24"	"2026-04-05 02:49:24"
"https://juan-tech.com/blog/general/tablas-hash"	"Tablas hash: Estructuras clave para un manejo eficiente de datos"	"200"	"0"	"2026-03-28 11:29:57"	"2026-04-05 00:35:02"	"2026-04-05 00:35:02"
"https://juan-tech.com/blog/698f8ac431181a15a3065d3e"	""	"404"	"0"	"2026-02-14 18:20:05"	"2026-04-04 17:20:36"	"2026-04-04 17:20:36"
"https://juan-tech.com/blog/tech-seo/technical-seo-guide"	""	"404"	"0"	"2026-02-14 14:05:10"	"2026-04-04 16:37:12"	"2026-04-04 16:37:12"
"https://juan-tech.com/blog/seo/que-es-css"	"¿Qué es CSS? | Aprende Hojas de Estilo en Cascada"	"200"	"0"	"2026-03-28 11:29:57"	"2026-04-04 15:46:44"	"2026-04-04 15:46:44"
"https://juan-tech.com/blog/test"	""	"404"	"0"	"2026-02-13 23:34:11"	"2026-04-04 15:04:48"	"2026-04-04 15:04:48"
"https://juan-tech.com/blog/general/guia-eeat"	""	"404"	"0"	"2026-03-23 23:23:19"	"2026-04-04 13:26:28"	"2026-04-04 13:26:28"
"https://juan-tech.com/blog/general/core-web-vitals-guide"	"Core Web Vitals 2026: Guía Técnica de Optimización LCP, CLS e INP"	"200"	"0"	"2026-02-18 08:27:05"	"2026-04-04 11:54:32"	"2026-04-04 11:54:32"
"https://juan-tech.com/blog/cs-fundamentals/que-es-css"	"¿Qué es CSS? | Aprende Hojas de Estilo en Cascada"	"200"	"0"	"2026-04-02 17:45:10"	"2026-04-04 08:39:54"	"2026-04-04 08:39:54"
"https://juan-tech.com/blog/cs-fundamentals/tablas-hash"	"Tablas hash: Estructuras clave para un manejo eficiente de datos"	"200"	"0"	"2026-04-02 17:45:10"	"2026-04-04 06:15:46"	"2026-04-04 06:15:46"
"https://juan-tech.com/blog/seo/mejores-cursos-seo-espanol"	"Mejores Cursos de SEO Gratis y de Pago en Español (2026)"	"200"	"0"	"2026-04-02 17:45:10"	"2026-04-03 23:37:21"	"2026-04-03 23:37:21"
"https://juan-tech.com/en/blog/seo"	"SEO Strategy & Topic Clusters Blog | Juan Tech"	"200"	"0"	"2026-03-03 11:00:43"	"2026-04-03 21:02:16"	"2026-04-03 21:02:16"
"https://juan-tech.com/blog/development"	"Development"	"200"	"0"	"2026-04-01 01:20:59"	"2026-04-03 18:39:57"	"2026-04-03 18:39:57"
"https://juan-tech.com/authors/juan-carlos-angulo"	"Juan Carlos Angulo | SEO Técnico y Dev. Software"	"200"	"0"	"2025-12-17 20:50:33"	"2026-04-03 07:05:34"	"2026-04-03 07:05:34"
"https://juan-tech.com/case-studies/cs-integration-1761248988182"	""	"307"	"0"	"2025-12-17 14:17:26"	"2026-01-24 18:47:46"	"2026-04-03 04:25:55"
"https://juan-tech.com/en/blog/general/faq-test"	""	"404"	"0"	"2026-02-16 10:30:52"	"2026-04-03 00:14:29"	"2026-04-03 00:14:29"
"https://juan-tech.com/blog/698f8ac631181a15a3065d3f"	""	"404"	"0"	"2026-02-14 17:53:55"	"2026-04-02 22:04:42"	"2026-04-02 22:04:42"
"https://juan-tech.com/blog/tech-seo/non-developers-guide"	"SEO Técnico para No Desarrolladores: Guía Práctica 2026"	"200"	"0"	"2026-02-11 08:26:39"	"2026-04-02 15:42:53"	"2026-04-02 15:42:53"
"https://juan-tech.com/blog/tech-seo/tech-seo-guide"	"Guía de SEO Técnico 2026: Rastreo, Core Web Vitals y Rendimiento"	"200"	"0"	"2026-02-10 18:51:37"	"2026-04-02 13:47:19"	"2026-04-02 13:47:19"
"https://juan-tech.com/en/sitemap"	""	"307"	"0"	"2026-02-14 08:03:21"	"2026-04-02 09:52:39"	"2026-04-02 09:52:39"
"https://juan-tech.com/blog/general/payloadcms-seo"	""	"404"	"0"	"2026-02-26 03:50:23"	"2026-04-02 03:02:16"	"2026-04-02 03:02:16"
"https://juan-tech.com/en/blog/cs-fundamentals/arboles-binarios"	""	"404"	"0"	"2026-02-21 06:36:03"	"2026-04-02 01:53:59"	"2026-04-02 01:53:59"
"https://juan-tech.com/en/blog/cs-fundamentals/programacion-dinamica"	""	"404"	"0"	"2026-02-21 06:36:03"	"2026-04-02 00:58:34"	"2026-04-02 00:58:34"
"https://juan-tech.com/en/blog/cs-fundamentals/diseno-bases-datos"	""	"404"	"0"	"2026-02-21 06:36:03"	"2026-04-01 23:10:17"	"2026-04-01 23:10:17"
"https://juan-tech.com/en/blog/cs-fundamentals/normalizacion-bases-datos"	""	"404"	"0"	"2026-02-21 06:36:03"	"2026-04-01 22:17:23"	"2026-04-01 22:17:23"
"https://juan-tech.com/blog/seo"	"Estrategia SEO y Topic Clusters | Juan Tech"	"200"	"0"	"2026-03-03 03:31:36"	"2026-04-01 21:25:39"	"2026-04-01 21:25:39"
"https://juan-tech.com/cs-fundamentals/big-o-notation"	""	"404"	"0"	"2026-02-13 23:46:51"	"2026-04-01 20:40:51"	"2026-04-01 20:40:51"
"https://juan-tech.com/blog/cs-fundamentals/big-o-notation"	""	"404"	"0"	"2026-02-11 08:26:39"	"2026-04-01 19:50:27"	"2026-04-01 19:50:27"
"https://juan-tech.com/blog/cs-fundamentals/algoritmos-estructuras-datos"	""	"404"	"0"	"2026-02-11 08:26:39"	"2026-04-01 18:55:47"	"2026-04-01 18:55:47"
"https://juan-tech.com/blog/cs-fundamentals/diseno-bases-datos"	""	"404"	"0"	"2026-02-18 08:27:05"	"2026-04-01 17:39:44"	"2026-04-01 17:39:44"
"https://juan-tech.com/blog/general/experiencia-de-usuario"	""	"404"	"0"	"2026-03-03 13:26:04"	"2026-04-01 16:26:40"	"2026-04-01 16:26:40"
"https://juan-tech.com/blog/general/sql-vs-nosql"	""	"404"	"0"	"2026-03-03 13:26:04"	"2026-04-01 15:26:10"	"2026-04-01 15:26:10"
"https://juan-tech.com/blog/cs-fundamentals/normalizacion-bases-datos"	""	"404"	"0"	"2026-02-18 08:27:05"	"2026-04-01 14:28:12"	"2026-04-01 14:28:12"
"https://juan-tech.com/blog/cs-fundamentals/algoritmos-ordenamiento"	""	"404"	"0"	"2026-02-18 08:27:05"	"2026-04-01 13:42:52"	"2026-04-01 13:42:52"
"https://juan-tech.com/privacy"	"Política de Privacidad — Juan Carlos Angulo"	"200"	"0"	"2026-02-06 23:50:21"	"2026-04-01 12:59:36"	"2026-04-01 12:59:36"
"https://juan-tech.com/en/blog/cs-fundamentals/sql-vs-nosql"	""	"404"	"0"	"2026-02-26 09:27:35"	"2026-04-01 12:17:04"	"2026-04-01 12:17:04"
"https://juan-tech.com/en/blog/general"	"General"	"200"	"0"	"2026-02-14 11:50:48"	"2026-04-01 11:30:31"	"2026-04-01 11:30:31"
"https://juan-tech.com/en/blog/tech-seo"	"Technical SEO for Developers | Juan Tech"	"200"	"0"	"2026-02-14 08:03:21"	"2026-04-01 10:44:51"	"2026-04-01 10:44:51"
"https://juan-tech.com/search"	"búsqueda"	"200"	"0"	"1970-01-01 00:00:00"	"2026-04-01 09:44:15"	"2026-04-01 09:44:15"
"https://juan-tech.com/sitemap"	"Sitemap | Juan Carlos Angulo"	"200"	"0"	"2026-02-10 18:51:37"	"2026-04-01 08:51:07"	"2026-04-01 08:51:07"
"https://juan-tech.com/en/blog/cs-fundamentals/experiencia-de-usuario"	""	"404"	"0"	"2026-03-03 11:00:43"	"2026-04-01 07:58:40"	"2026-04-01 07:58:40"
"https://juan-tech.com/en/authors/juan-carlos-angulo"	"Juan Carlos Angulo | Technical SEO Consultant"	"200"	"0"	"2026-02-14 13:48:51"	"2026-04-01 07:16:41"	"2026-04-01 07:16:41"
"https://juan-tech.com/blog/tech-seo"	"SEO Técnico para Desarrolladores | Juan Tech"	"200"	"0"	"2026-02-11 08:26:39"	"2026-04-01 05:02:57"	"2026-04-01 05:02:57"
"https://juan-tech.com/en/blog/seo/guia-eeat"	""	"404"	"0"	"2026-03-22 08:47:59"	"2026-04-01 04:14:38"	"2026-04-01 04:14:38"
"https://juan-tech.com/blog"	"Blog de Estrategia SEO e Ingeniería Web | Juan Tech"	"200"	"0"	"2025-12-17 14:17:26"	"2026-04-01 01:20:59"	"2026-04-01 01:20:59"
"https://juan-tech.com/blog/general/mejores-cursos-seo-espanol"	"Mejores Cursos de SEO Gratis y de Pago en Español (2026)"	"200"	"0"	"2026-03-31 21:50:05"	"2026-04-01 00:02:25"	"2026-04-01 00:02:25"
"https://juan-tech.com/en/blog/development"	"Development"	"200"	"0"	"2026-03-31 20:28:32"	"2026-03-31 22:58:47"	"2026-03-31 22:58:47"
"https://juan-tech.com/en/blog/cs-fundamentals"	"Algorithms & CS Fundamentals | Juan Tech"	"200"	"0"	"2026-02-14 08:03:21"	"2026-03-31 20:28:32"	"2026-03-31 20:28:32"
"https://juan-tech.com/en/privacy"	"Privacy Policy — Juan Carlos Angulo"	"200"	"0"	"2026-02-14 08:03:21"	"2026-03-31 12:32:49"	"2026-03-31 12:32:49"
"https://juan-tech.com/en/blog/general/mejores-cursos-seo-espanol"	"Mejores Cursos de SEO Gratis y de Pago en Español (2026)"	"200"	"0"	"2026-03-31 04:05:43"	"2026-03-31 06:33:21"	"2026-03-31 06:33:21"
"https://juan-tech.com/en/terms"	"Terms of Service — Juan Carlos Angulo"	"200"	"0"	"2026-02-14 08:03:21"	"2026-03-31 05:19:49"	"2026-03-31 05:19:49"
"https://juan-tech.com/en"	"Juan Tech - Home"	"200"	"0"	"2026-02-14 08:03:21"	"2026-03-31 04:05:43"	"2026-03-31 04:05:43"
"https://juan-tech.com/en/blog/tech-seo/schema-markup-guide"	"Schema Markup Guide with JSON-LD Examples (Product, Article, etc.)"	"200"	"0"	"2026-03-31 00:47:20"	"2026-03-31 02:55:54"	"2026-03-31 02:55:54"
"https://juan-tech.com/blog/cs-fundamentals"	"Algoritmos y Ciencias de la Computación | Juan Tech"	"200"	"0"	"2026-02-11 08:26:39"	"2026-03-31 01:48:28"	"2026-03-31 01:48:28"
"https://juan-tech.com/en/blog/tech-seo/xml-sitemap-automation"	"XML Sitemap Automation (2026): Guide with Next.js Code"	"200"	"0"	"2026-03-30 23:14:52"	"2026-03-31 00:47:20"	"2026-03-31 00:47:20"
"https://juan-tech.com/en/blog/general/robots-txt-best-practices"	"Robots.txt 2026: Guide with Examples for WordPress, Shopify and AI Bots"	"200"	"0"	"2026-03-30 18:11:16"	"2026-03-30 23:14:52"	"2026-03-30 23:14:52"
"https://juan-tech.com/en/blog/development/headless-cms-seo"	""	"404"	"0"	"2026-03-30 21:09:21"	"2026-03-30 22:00:05"	"2026-03-30 22:00:05"
"https://juan-tech.com/en/blog/general/schema-markup-guide"	"Schema Markup Guide with JSON-LD Examples (Product, Article, etc.)"	"200"	"0"	"2026-03-30 18:11:16"	"2026-03-30 21:09:21"	"2026-03-30 21:09:21"
"https://juan-tech.com/contact"	"Contacto — Juan Carlos Angulo"	"200"	"0"	"2026-02-06 23:50:21"	"2026-03-30 19:40:28"	"2026-03-30 19:40:28"
"https://juan-tech.com/blog/tech-seo/schema-markup-guide"	"Schema Markup 2026: Guía JSON-LD, Rich Snippets y SGE"	"200"	"0"	"2026-03-30 13:12:07"	"2026-03-30 17:16:00"	"2026-03-30 17:16:00"
"https://juan-tech.com/blog/tech-seo/nextjs-seo-optimization"	"Next.js 15 SEO: Guía Completa de App Router y Metadata API"	"200"	"0"	"2026-03-30 07:42:28"	"2026-03-30 13:12:07"	"2026-03-30 13:12:07"
"https://juan-tech.com/blog/tech-seo/ssr-vs-csr-seo"	"SSR vs CSR para SEO: Comparativa técnica y Guía 2026"	"200"	"0"	"2026-03-30 07:42:28"	"2026-03-30 11:17:56"	"2026-03-30 11:17:56"
"https://juan-tech.com/blog/tech-seo/web-performance-guide"	"Web Performance 2026: Guía Maestra de Velocidad y Optimización Técnica"	"200"	"0"	"2026-03-30 03:36:48"	"2026-03-30 07:42:28"	"2026-03-30 07:42:28"
"https://juan-tech.com/en/blog/seo/guia-keyword-research"	"Keyword Research 2026: Advanced Guide with NLP and Python"	"200"	"0"	"2026-03-29 18:54:53"	"2026-03-29 23:48:26"	"2026-03-29 23:48:26"
"https://juan-tech.com/en/blog/seo/redaccion-seo"	"SEO Writing for AI (2026): Writing Guide for SGE and GEO"	"200"	"0"	"2026-03-29 18:54:53"	"2026-03-29 22:00:58"	"2026-03-29 22:00:58"
"https://juan-tech.com/en/blog/general/tablas-hash"	"Tablas hash: Estructuras clave para un manejo eficiente de datos"	"200"	"0"	"2026-03-29 16:05:36"	"2026-03-29 20:47:54"	"2026-03-29 20:47:54"
"https://juan-tech.com/case-studies"	""	"200"	"0"	"2026-02-06 23:50:21"	"2026-03-29 17:01:52"	"2026-03-29 17:01:52"
"https://juan-tech.com/en/contact"	"Contact — Juan Carlos Angulo"	"200"	"0"	"2026-03-03 22:15:12"	"2026-03-29 16:05:36"	"2026-03-29 16:05:36"
"https://juan-tech.com/blog/seo/enlaces-internos-guia"	"Estrategia de Enlaces Internos 2026: Guía de Topic Clusters y NLP"	"200"	"0"	"2026-03-28 11:29:57"	"2026-03-28 19:47:39"	"2026-03-28 19:47:39"
"https://juan-tech.com/sitemap.xml"	""	"200"	"0"	"2026-02-06 23:50:21"	"2026-03-26 02:17:10"	"2026-03-26 02:17:10"
"https://juan-tech.com/case-studies/undefined"	""	"307"	"0"	"2026-02-01 02:12:12"	"2026-02-01 04:44:53"	"2026-03-26 00:25:24"
"https://juan-tech.com/en/blog/general/ssr-vs-csr-seo"	""	"404"	"0"	"2026-02-14 08:03:21"	"2026-03-25 02:17:35"	"2026-03-25 02:17:35"
"https://juan-tech.com/en/blog/general/web-performance-guide"	""	"404"	"0"	"2026-02-14 08:03:21"	"2026-03-24 22:07:39"	"2026-03-24 22:07:39"
"https://juan-tech.com/en/blog/general/xml-sitemap-automation"	""	"404"	"0"	"2026-02-14 08:03:21"	"2026-03-24 17:57:26"	"2026-03-24 17:57:26"
"https://juan-tech.com/works"	""	"307"	"0"	"2026-02-06 23:50:21"	"2026-03-24 05:37:12"	"2026-03-24 05:37:12"
"https://juan-tech.com/en/blog/general/test-sync-post"	""	"404"	"0"	"2026-02-14 08:03:21"	"2026-03-23 22:10:06"	"2026-03-23 22:10:06"
"https://juan-tech.com/blog/cs-fundamentals/programacion-dinamica"	""	"404"	"0"	"2026-02-18 08:27:05"	"2026-03-23 02:39:31"	"2026-03-23 02:39:31"
"https://juan-tech.com/blog/general/test-sync-post"	""	"404"	"0"	"2026-02-13 20:43:49"	"2026-03-23 00:01:50"	"2026-03-23 00:01:50"
"https://juan-tech.com/blog/cs-fundamentals/complejidad-algoritmica"	""	"404"	"0"	"2026-02-11 08:26:39"	"2026-03-22 23:22:21"	"2026-03-22 23:22:21"
"https://juan-tech.com/blog/cs-fundamentals/arboles-binarios"	""	"404"	"0"	"2026-02-18 08:27:05"	"2026-03-22 22:16:11"	"2026-03-22 22:16:11"
"https://juan-tech.com/blog/general/post-integration-1761245424003"	""	"404"	"0"	"2025-12-17 18:36:29"	"2026-03-22 20:18:57"	"2026-03-22 20:18:57"
"https://juan-tech.com/en/blog/seo/estrategia-topic-clusters"	""	"404"	"0"	"2026-03-22 08:47:59"	"2026-03-22 12:01:58"	"2026-03-22 12:01:58"
"https://juan-tech.com/blog/seo/estrategia-topic-clusters"	""	"404"	"0"	"2026-03-21 01:33:40"	"2026-03-21 14:19:43"	"2026-03-21 14:19:43"
"https://juan-tech.com/blog/seo/redaccion-seo"	""	"404"	"0"	"2026-03-21 01:33:40"	"2026-03-21 04:56:06"	"2026-03-21 04:56:06"
"https://juan-tech.com/case-studies/cs-integration-1761204266862"	""	"307"	"0"	"2025-12-17 14:17:26"	"2026-01-24 23:11:28"	"2026-03-19 17:52:55"
"https://juan-tech.com/case-studies/cs-integration-1761236876352"	""	"307"	"0"	"2025-12-17 14:17:26"	"2026-01-24 20:09:32"	"2026-03-19 16:22:45"
"https://juan-tech.com/blog/tech-seo/core-web-vitals-guide"	""	"404"	"0"	"2026-02-11 08:26:39"	"2026-03-18 21:13:10"	"2026-03-18 21:13:10"
"https://juan-tech.com/blog/general/ssr-vs-csr-seo"	""	"404"	"0"	"2026-02-13 20:43:49"	"2026-03-18 10:24:18"	"2026-03-18 10:24:18"
"https://juan-tech.com/blog/general/faq-test"	""	"404"	"0"	"2026-02-15 04:05:39"	"2026-03-17 11:24:52"	"2026-03-17 11:24:52"
"https://juan-tech.com/blog/general/web-performance-guide"	""	"404"	"0"	"2026-02-13 20:43:49"	"2026-03-17 09:08:02"	"2026-03-17 09:08:02"
"https://juan-tech.com/blog/general/xml-sitemap-automation"	""	"404"	"0"	"2026-02-13 20:43:49"	"2026-03-16 21:13:48"	"2026-03-16 21:13:48"
"https://juan-tech.com/en/blog/general/mejores-cursos-seo-en-espa%C3%B1ol"	""	"404"	"0"	"2026-03-16 06:58:44"	"2026-03-16 10:22:55"	"2026-03-16 10:22:55"
"https://juan-tech.com/blog/general/mejores-cursos-seo-en-espa%C3%B1ol"	""	"404"	"0"	"2026-03-14 06:11:33"	"2026-03-14 09:22:50"	"2026-03-14 09:22:50"
"https://juan-tech.com/en/"	""	"308"	"0"	"2026-02-14 12:49:31"	"2026-03-10 11:07:14"	"2026-03-10 11:07:14"
"https://juan-tech.com/blog/hello-world"	""	"404"	"0"	"2025-12-18 01:05:43"	"2026-03-07 18:49:13"	"2026-03-07 18:49:13"
"https://juan-tech.com/blog/general/post-integration-1761248988479"	""	"404"	"0"	"2025-12-17 14:17:26"	"2026-03-07 12:47:24"	"2026-03-07 12:47:24"
"https://juan-tech.com/blog/699fbbd685c4d06596d9abb9/normalizacion-bases-datos"	""	"404"	"0"	"2026-02-26 11:19:01"	"2026-03-07 10:29:27"	"2026-03-07 10:29:27"
"https://juan-tech.com/blog/699fbbd185c4d06596d9abb2/diseno-bases-datos"	""	"404"	"0"	"2026-02-26 11:19:01"	"2026-03-07 09:49:35"	"2026-03-07 09:49:35"
"https://juan-tech.com/blog/699fbbaa85c4d06596d9ab9f/algoritmos-estructuras-datos"	""	"404"	"0"	"2026-02-26 11:19:01"	"2026-03-07 06:54:11"	"2026-03-07 06:54:11"
"https://juan-tech.com/blog/699fbbc085c4d06596d9abab/big-o-notation"	""	"404"	"0"	"2026-02-26 11:19:01"	"2026-03-07 06:04:31"	"2026-03-07 06:04:31"
"https://juan-tech.com/blog/general/post-integration-1761235714145"	""	"404"	"0"	"2025-12-17 18:36:29"	"2026-03-07 04:59:15"	"2026-03-07 04:59:15"
"https://juan-tech.com/blog/general/post-integration-1761236739871"	""	"404"	"0"	"2025-12-17 18:36:29"	"2026-03-07 04:43:17"	"2026-03-07 04:43:17"
"https://juan-tech.com/en/blog/general/nextjs-seo-optimization"	""	"404"	"0"	"1970-01-01 00:00:00"	"2026-03-07 04:27:25"	"2026-03-07 04:27:25"
"https://juan-tech.com/blog/general/post-integration-1761236876942"	""	"404"	"0"	"2025-12-17 18:36:29"	"2026-03-07 04:11:52"	"2026-03-07 04:11:52"
"https://juan-tech.com/blog/general/digital-horizons"	""	"404"	"0"	"2025-12-17 14:17:26"	"2026-03-07 03:55:56"	"2026-03-07 03:55:56"
"https://juan-tech.com/blog/698f8ac431181a15a3065d3e/core-web-vitals-guide"	""	"404"	"0"	"2026-02-26 10:53:25"	"2026-03-07 03:40:26"	"2026-03-07 03:40:26"
"https://juan-tech.com/blog/general/hello-world"	""	"404"	"0"	"2025-12-17 14:17:26"	"2026-03-07 00:57:33"	"2026-03-07 00:57:33"
"https://juan-tech.com/blog/698f8ac631181a15a3065d3f/core-web-vitals-guide"	""	"404"	"0"	"2026-02-26 10:47:27"	"2026-03-07 00:39:44"	"2026-03-07 00:39:44"
"https://juan-tech.com/blog/698f8ac631181a15a3065d3f/ssr-vs-csr-seo"	""	"404"	"0"	"2026-02-26 10:47:27"	"2026-03-07 00:21:51"	"2026-03-07 00:21:51"
"https://juan-tech.com/blog/698f8ac431181a15a3065d3e/non-developers-guide"	""	"404"	"0"	"2026-02-14 06:50:43"	"2026-03-07 00:03:24"	"2026-03-07 00:03:24"
"https://juan-tech.com/blog/698f8abe31181a15a3065d3b/algoritmos-estructuras-datos"	""	"404"	"0"	"2026-02-14 06:50:43"	"2026-03-06 23:42:03"	"2026-03-06 23:42:03"
"https://juan-tech.com/blog/698f8abf31181a15a3065d3c/big-o-notation"	""	"404"	"0"	"2026-02-14 06:50:43"	"2026-03-06 22:35:43"	"2026-03-06 22:35:43"
"https://juan-tech.com/blog/698f8ac631181a15a3065d3f/tech-seo-guide"	""	"404"	"0"	"2026-02-14 06:50:43"	"2026-03-06 19:01:30"	"2026-03-06 19:01:30"
"https://juan-tech.com/api/media/file/Cresory%252520Logo-80x66.avif"	""	"404"	"0"	"1970-01-01 00:00:00"	"2026-03-06 16:19:55"	"2026-03-06 16:19:55"
"https://juan-tech.com/api/media/file/Cresory%2520Logo-80x66.avif"	""	"200"	"0"	"1970-01-01 00:00:00"	"2026-03-06 10:54:17"	"2026-03-06 10:54:17"
"https://juan-tech.com/api/media/file/Estylopia%252520logo-80x30.avif"	""	"404"	"0"	"1970-01-01 00:00:00"	"2026-03-06 06:55:04"	"2026-03-06 06:55:04"
"https://juan-tech.com/api/media/file/Luxembourg%252520Philharmonie%252520Logo%2525202023-80x54.avif"	""	"404"	"0"	"1970-01-01 00:00:00"	"2026-03-06 06:25:23"	"2026-03-06 06:25:23"
"https://juan-tech.com/api/media/file/Estylopia%2520logo-80x30.avif"	""	"200"	"0"	"1970-01-01 00:00:00"	"2026-03-06 04:47:21"	"2026-03-06 04:47:21"
"https://juan-tech.com/api/media/file/Luxembourg%2520Philharmonie%2520Logo%25202023-80x54.avif"	""	"200"	"0"	"1970-01-01 00:00:00"	"2026-03-06 04:16:57"	"2026-03-06 04:16:57"
"https://juan-tech.com/en/blog/general/payloadcms-seo"	""	"404"	"0"	"2026-02-26 09:27:35"	"2026-03-06 02:15:10"	"2026-03-06 02:15:10"
"https://juan-tech.com/blog/general/nextjs-seo-optimization"	""	"404"	"0"	"2026-02-26 09:55:48"	"2026-03-06 00:29:03"	"2026-03-06 00:29:03"
"https://juan-tech.com/blog/general/non-developers-guide"	""	"404"	"0"	"2026-02-18 08:27:05"	"2026-03-05 20:36:53"	"2026-03-05 20:36:53"
"https://juan-tech.com/api/media/file/Aprendoseo%252520Logo-1.avif"	""	"404"	"0"	"1970-01-01 00:00:00"	"2026-03-05 18:54:47"	"2026-03-05 18:54:47"
"https://juan-tech.com/api/media/file/Cresory%252520Logo.avif"	""	"404"	"0"	"1970-01-01 00:00:00"	"2026-03-05 16:40:33"	"2026-03-05 16:40:33"
"https://juan-tech.com/api/media/file/Estylopia%252520logo.avif"	""	"404"	"0"	"1970-01-01 00:00:00"	"2026-03-05 08:27:52"	"2026-03-05 08:27:52"
"https://juan-tech.com/api/media/file/Luxembourg%252520Philharmonie%252520Logo%2525202023.avif"	""	"404"	"0"	"1970-01-01 00:00:00"	"2026-03-05 06:36:38"	"2026-03-05 06:36:38"
"https://juan-tech.com/api/media/file/Pro%252520Torque%252520Diesel%252520Logo.avif"	""	"404"	"0"	"1970-01-01 00:00:00"	"2026-03-04 19:11:13"	"2026-03-04 19:11:13"
"https://juan-tech.com/api/media/file/juan-angulo-portrait-1-600x800.avif"	""	"200"	"0"	"1970-01-01 00:00:00"	"2026-03-04 18:48:23"	"2026-03-04 18:48:23"
"https://juan-tech.com/api/media/file/juan-angulo-portrait-1-80x107.avif"	""	"200"	"0"	"1970-01-01 00:00:00"	"2026-03-04 18:26:33"	"2026-03-04 18:26:33"
"https://juan-tech.com/favicon.ico"	""	"200"	"0"	"1970-01-01 00:00:00"	"2026-03-04 16:50:42"	"2026-03-04 16:50:42"
"https://juan-tech.com/blog/"	""	"308"	"0"	"2026-03-04 06:54:43"	"2026-03-04 14:27:35"	"2026-03-04 14:27:35"
"https://juan-tech.com/posts"	""	"308"	"0"	"2025-12-17 14:17:26"	"2026-03-04 06:54:43"	"2026-03-04 06:54:43"
"https://juan-tech.com/en/blog/tech-seo/non-developers-guide"	""	"404"	"0"	"2026-02-14 12:30:31"	"2026-03-04 05:02:10"	"2026-03-04 05:02:10"
"https://juan-tech.com/en/blog/general/first-post"	""	"404"	"0"	"2026-02-21 06:36:03"	"2026-03-04 04:30:50"	"2026-03-04 04:30:50"
"https://juan-tech.com/en/blog/general/tech-seo-guide"	""	"404"	"0"	"2026-02-21 06:36:03"	"2026-03-04 02:34:39"	"2026-03-04 02:34:39"
"https://juan-tech.com/en/blog/cs-fundamentals/algoritmos-estructuras-datos"	""	"404"	"0"	"2026-02-14 12:30:31"	"2026-03-03 21:21:19"	"2026-03-03 21:21:19"
"https://juan-tech.com/en/blog/cs-fundamentals/big-o-notation"	""	"404"	"0"	"2026-02-14 12:30:31"	"2026-03-03 19:57:57"	"2026-03-03 19:57:57"
"https://juan-tech.com/blog/general/first-post"	""	"404"	"0"	"2026-02-22 03:40:44"	"2026-03-03 19:31:47"	"2026-03-03 19:31:47"
"https://juan-tech.com/en/blog/general/core-web-vitals-guide"	""	"404"	"0"	"2026-02-21 06:36:03"	"2026-03-03 19:04:43"	"2026-03-03 19:04:43"
"https://juan-tech.com/en/blog/cs-fundamentals/algoritmos-ordenamiento"	""	"404"	"0"	"2026-02-21 06:36:03"	"2026-03-03 18:49:52"	"2026-03-03 18:49:52"
"https://juan-tech.com/en/blog/tech-seo/tech-seo-guide"	""	"404"	"0"	"2026-02-14 12:30:31"	"2026-03-03 18:06:11"	"2026-03-03 18:06:11"
"https://juan-tech.com/en/blog/general/non-developers-guide"	""	"404"	"0"	"2026-02-21 06:36:03"	"2026-03-03 17:53:49"	"2026-03-03 17:53:49"
"https://juan-tech.com/en/blog/cs-fundamentals/complejidad-algoritmica"	""	"404"	"0"	"2026-02-14 12:30:31"	"2026-03-03 17:41:33"	"2026-03-03 17:41:33"
"https://juan-tech.com/en/blog/test"	""	"404"	"0"	"2026-02-14 08:03:21"	"2026-03-03 17:16:49"	"2026-03-03 17:16:49"
"https://juan-tech.com/blog/6991142d2851cc47a4153a40/algoritmos-estructuras-datos"	""	"404"	"0"	"2026-02-16 10:30:52"	"2026-03-03 15:28:50"	"2026-03-03 15:28:50"
"https://juan-tech.com/blog/6991142e2851cc47a4153a41/big-o-notation"	""	"404"	"0"	"2026-02-16 10:30:52"	"2026-03-03 15:14:37"	"2026-03-03 15:14:37"
"https://juan-tech.com/blog/699114342851cc47a4153a43/non-developers-guide"	""	"404"	"0"	"2026-02-16 10:30:52"	"2026-03-03 14:59:11"	"2026-03-03 14:59:11"
"https://juan-tech.com/blog/6991142f2851cc47a4153a42/complejidad-algoritmica"	""	"404"	"0"	"2026-02-16 10:30:52"	"2026-03-03 13:57:12"	"2026-03-03 13:57:12"
"https://juan-tech.com/blog/699114352851cc47a4153a44/tech-seo-guide"	""	"404"	"0"	"2026-02-16 10:30:52"	"2026-03-03 13:42:04"	"2026-03-03 13:42:04"
"https://juan-tech.com/api/media/file/Aprendoseo%2520Logo-1.avif"	""	"200"	"0"	"1970-01-01 00:00:00"	"2026-03-03 09:46:18"	"2026-03-03 09:46:18"
"https://juan-tech.com/api/media/file/Cresory%2520Logo.avif"	""	"200"	"0"	"1970-01-01 00:00:00"	"2026-03-03 09:23:23"	"2026-03-03 09:23:23"
"https://juan-tech.com/api/media/file/Estylopia%2520logo.avif"	""	"200"	"0"	"1970-01-01 00:00:00"	"2026-03-03 08:09:33"	"2026-03-03 08:09:33"
"https://juan-tech.com/api/media/file/Luxembourg%2520Philharmonie%2520Logo%25202023.avif"	""	"200"	"0"	"1970-01-01 00:00:00"	"2026-03-03 06:07:41"	"2026-03-03 06:07:41"
"https://juan-tech.com/api/media/file/Pro%2520Torque%2520Diesel%2520Logo.avif"	""	"200"	"0"	"1970-01-01 00:00:00"	"2026-03-03 05:43:06"	"2026-03-03 05:43:06"
"https://juan-tech.com/api/media/file/juan-angulo-portrait-1.avif"	""	"200"	"0"	"1970-01-01 00:00:00"	"2026-03-03 05:18:57"	"2026-03-03 05:18:57"
"https://www.juan-tech.com/robots.txt"	""	"308"	"0"	"1970-01-01 00:00:00"	"2026-03-03 04:54:17"	"2026-03-03 04:54:17"
"https://juan-tech.com/blog/general/robots-txt-best-practices"	""	"404"	"0"	"2026-02-26 17:51:56"	"2026-02-27 01:36:51"	"2026-02-27 01:36:51"
"https://juan-tech.com/blog/tech-seo/robots-txt-best-practices"	""	"404"	"0"	"2026-02-26 17:56:49"	"2026-02-27 01:27:47"	"2026-02-27 01:27:47"
"https://juan-tech.com/blog/tech-seo/xml-sitemap-automation"	""	"404"	"0"	"2026-02-26 17:56:49"	"2026-02-27 01:19:23"	"2026-02-27 01:19:23"
"https://juan-tech.com/api/media/file/juan-angulo-portrait-1-1200x630.avif"	""	"200"	"0"	"1970-01-01 00:00:00"	"2026-02-26 17:44:10"	"2026-02-26 17:44:10"
"https://juan-tech.com/blog/699fbbd685c4d06596d9abb9"	""	"404"	"0"	"2026-02-26 11:56:18"	"2026-02-26 14:32:17"	"2026-02-26 14:32:17"
"https://juan-tech.com/blog/699fbbd185c4d06596d9abb2"	""	"404"	"0"	"2026-02-26 12:03:16"	"2026-02-26 14:20:51"	"2026-02-26 14:20:51"
"https://juan-tech.com/blog/699fbbc085c4d06596d9abab"	""	"404"	"0"	"2026-02-26 12:09:46"	"2026-02-26 14:10:23"	"2026-02-26 14:10:23"
"https://juan-tech.com/blog/699fbbaa85c4d06596d9ab9f"	""	"404"	"0"	"2026-02-26 12:16:44"	"2026-02-26 13:59:14"	"2026-02-26 13:59:14"
"https://juan-tech.com/blog/general/schema-markup-guide"	""	"404"	"0"	"2026-02-26 09:49:42"	"2026-02-26 13:01:26"	"2026-02-26 13:01:26"
"https://juan-tech.com/blog/698f8ac631181a15a3065d3f/robots-txt-best-practices"	""	"404"	"0"	"2026-02-26 10:47:27"	"2026-02-26 12:50:47"	"2026-02-26 12:50:47"
"https://juan-tech.com/blog/698f8ac631181a15a3065d3f/schema-markup-guide"	""	"404"	"0"	"2026-02-26 10:47:27"	"2026-02-26 12:45:24"	"2026-02-26 12:45:24"
"https://juan-tech.com/blog/698f8ac431181a15a3065d3e/robots-txt-best-practices"	""	"404"	"0"	"2026-02-26 10:53:25"	"2026-02-26 12:28:33"	"2026-02-26 12:28:33"
"https://juan-tech.com/blog/698f8ac431181a15a3065d3e/xml-sitemap-automation"	""	"404"	"0"	"2026-02-26 10:53:25"	"2026-02-26 12:22:27"	"2026-02-26 12:22:27"
"https://juan-tech.com/blog/698f8ac031181a15a3065d3d/complejidad-algoritmica"	""	"404"	"0"	"2026-02-14 06:50:43"	"2026-02-26 10:59:41"	"2026-02-26 10:59:41"
"https://juan-tech.com/_next/static/media/028c0d39d2e8f589-s.p.woff2"	""	"200"	"0"	"1970-01-01 00:00:00"	"2026-02-26 10:19:34"	"2026-02-26 10:19:34"
"https://juan-tech.com/_next/static/media/5b01f339abf2f1a5.p.woff2"	""	"200"	"0"	"1970-01-01 00:00:00"	"2026-02-26 10:13:56"	"2026-02-26 10:13:56"
"https://juan-tech.com/_next/static/media/63a9c20a480e310e-s.p.woff2"	""	"200"	"0"	"1970-01-01 00:00:00"	"2026-02-26 10:08:15"	"2026-02-26 10:08:15"
"https://www.juan-tech.com/favicon.svg"	""	"404"	"0"	"1970-01-01 00:00:00"	"2026-02-26 10:01:51"	"2026-02-26 10:01:51"
"https://juan-tech.com/_next/static/media/7cfb4678c0c859e9-s.p.woff2"	""	"200"	"0"	"1970-01-01 00:00:00"	"2026-02-26 09:17:15"	"2026-02-26 09:17:15"
"https://juan-tech.com/_next/static/media/8242ce3a1de82c2b-s.p.woff2"	""	"200"	"0"	"1970-01-01 00:00:00"	"2026-02-26 09:00:21"	"2026-02-26 09:00:21"
"https://juan-tech.com/_next/static/media/c1ec766b80dc9be7-s.p.woff2"	""	"200"	"0"	"1970-01-01 00:00:00"	"2026-02-26 06:59:34"	"2026-02-26 06:59:34"
"https://juan-tech.com/_next/static/media/e62f5a5e1fd926f2-s.p.woff2"	""	"200"	"0"	"1970-01-01 00:00:00"	"2026-02-25 18:54:36"	"2026-02-25 18:54:36"
"https://juan-tech.com/_next/static/media/f5aacbc32a66955c-s.p.woff2"	""	"200"	"0"	"1970-01-01 00:00:00"	"2026-02-25 07:11:11"	"2026-02-25 07:11:11"
"https://juan-tech.com/favicon.svg"	""	"200"	"0"	"1970-01-01 00:00:00"	"2026-02-24 17:50:15"	"2026-02-24 17:50:15"
"https://juan-tech.com/robots.txt"	""	"200"	"0"	"1970-01-01 00:00:00"	"2026-02-24 15:44:17"	"2026-02-24 15:44:17"
"https://reactail.juan-tech.com/vite.svg"	""	"200"	"0"	"1970-01-01 00:00:00"	"2026-02-19 20:46:21"	"2026-02-19 20:46:21"
"https://juan-tech.com/blog/general"	""	"404"	"0"	"2025-12-17 19:52:31"	"2026-02-19 20:03:14"	"2026-02-19 20:03:14"
"https://juan-tech.com/posts/cs-fundamentals/algoritmos-estructuras-datos"	""	"404"	"0"	"2026-02-18 22:20:56"	"2026-02-19 01:04:40"	"2026-02-19 01:04:40"
"https://juan-tech.com/blog/digital-horizons"	""	"404"	"0"	"2025-12-17 14:17:26"	"2026-02-17 15:17:47"	"2026-02-17 15:17:47"
"https://juan-tech.com/blog/6991142d2851cc47a4153a40"	""	"404"	"0"	"2026-02-16 14:54:10"	"2026-02-16 18:38:01"	"2026-02-16 18:38:01"
"https://juan-tech.com/blog/6991142f2851cc47a4153a42"	""	"404"	"0"	"2026-02-16 12:51:23"	"2026-02-16 16:45:57"	"2026-02-16 16:45:57"
"https://juan-tech.com/blog/6991142e2851cc47a4153a41"	""	"404"	"0"	"2026-02-16 14:21:01"	"2026-02-16 15:36:07"	"2026-02-16 15:36:07"
"https://juan-tech.com/blog/699114352851cc47a4153a44"	""	"404"	"0"	"2026-02-16 12:10:31"	"2026-02-16 13:49:27"	"2026-02-16 13:49:27"
"https://juan-tech.com/blog/699114342851cc47a4153a43"	""	"404"	"0"	"2026-02-16 12:30:51"	"2026-02-16 13:13:38"	"2026-02-16 13:13:38"
"https://juan-tech.com/blog/698f8abe31181a15a3065d3b"	""	"404"	"0"	"2026-02-14 21:15:54"	"2026-02-14 23:18:55"	"2026-02-14 23:18:55"
"https://juan-tech.com/blog/698f8abf31181a15a3065d3c"	""	"404"	"0"	"2026-02-14 20:48:10"	"2026-02-14 22:55:20"	"2026-02-14 22:55:20"
"https://juan-tech.com/cs-fundamentals/complejidad-algoritmica"	""	"404"	"0"	"2026-02-14 20:48:10"	"2026-02-14 21:46:34"	"2026-02-14 21:46:34"
"https://juan-tech.com/blog/698f8ac031181a15a3065d3d"	""	"404"	"0"	"2026-02-14 18:45:27"	"2026-02-14 19:12:26"	"2026-02-14 19:12:26"
"https://juan-tech.com/en/blog/tech-seo/core-web-vitals-guide"	""	"404"	"0"	"2026-02-14 13:48:51"	"2026-02-14 16:53:05"	"2026-02-14 16:53:05"
"https://health.juan-tech.com/wp-content/themes/Divi/includes/builder/frontend-builder/assets/vendors/skins/lightgray/fonts/tinymce-small.woff"	""	"520"	"0"	"1970-01-01 00:00:00"	"2026-02-06 03:26:37"	"2026-02-06 03:26:37"
"https://health.juan-tech.com/wp-content/themes/Divi/includes/builder/frontend-builder/assets/vendors/skins/lightgray/fonts/tinymce.eot"	""	"520"	"0"	"1970-01-01 00:00:00"	"2026-02-05 21:30:41"	"2026-02-05 21:30:41"
"https://health.juan-tech.com/wp-content/themes/Divi/includes/builder/frontend-builder/assets/vendors/skins/lightgray/fonts/tinymce.svg"	""	"520"	"0"	"1970-01-01 00:00:00"	"2026-02-05 18:32:29"	"2026-02-05 18:32:29"
"https://health.juan-tech.com/wp-content/themes/Divi/includes/builder/frontend-builder/assets/vendors/skins/lightgray/fonts/tinymce.ttf"	""	"520"	"0"	"1970-01-01 00:00:00"	"2026-02-05 17:08:36"	"2026-02-05 17:08:36"
"https://health.juan-tech.com/wp-content/themes/Divi/includes/builder/frontend-builder/assets/vendors/skins/lightgray/fonts/tinymce.woff"	""	"520"	"0"	"1970-01-01 00:00:00"	"2026-02-05 16:28:50"	"2026-02-05 16:28:50"
"https://health.juan-tech.com/wp-content/themes/Divi/includes/builder/frontend-builder/assets/vendors/tinymce-skin/fonts/tinymce-small.eot"	""	"520"	"0"	"1970-01-01 00:00:00"	"2026-02-05 16:05:59"	"2026-02-05 16:05:59"
"https://health.juan-tech.com/wp-content/themes/Divi/includes/builder/frontend-builder/assets/vendors/tinymce-skin/fonts/tinymce-small.svg"	""	"520"	"0"	"1970-01-01 00:00:00"	"2026-02-05 13:00:49"	"2026-02-05 13:00:49"
"https://health.juan-tech.com/wp-content/themes/Divi/includes/builder/frontend-builder/assets/vendors/tinymce-skin/fonts/tinymce-small.ttf"	""	"520"	"0"	"1970-01-01 00:00:00"	"2026-02-05 11:57:01"	"2026-02-05 11:57:01"
"https://health.juan-tech.com/wp-content/themes/Divi/includes/builder/frontend-builder/assets/vendors/tinymce-skin/fonts/tinymce-small.woff"	""	"520"	"0"	"1970-01-01 00:00:00"	"2026-02-05 11:25:50"	"2026-02-05 11:25:50"
"https://health.juan-tech.com/wp-content/themes/Divi/includes/builder/frontend-builder/assets/vendors/tinymce-skin/fonts/tinymce.eot"	""	"520"	"0"	"1970-01-01 00:00:00"	"2026-02-05 11:08:16"	"2026-02-05 11:08:16"
"https://health.juan-tech.com/wp-content/themes/Divi/includes/builder/frontend-builder/assets/vendors/tinymce-skin/fonts/tinymce.svg"	""	"520"	"0"	"1970-01-01 00:00:00"	"2026-02-05 10:57:10"	"2026-02-05 10:57:10"
"https://pm.juan-tech.com/images/close-button.svg"	""	"200"	"0"	"1970-01-01 00:00:00"	"2026-01-19 19:49:01"	"2026-01-19 19:49:01"
"https://pm.juan-tech.com/fonts/bwi-font.b934f3d3f42f13942a9d.ttf"	""	"200"	"0"	"1970-01-01 00:00:00"	"2026-01-19 17:23:51"	"2026-01-19 17:23:51"
"https://pm.juan-tech.com/fonts/Open_Sans-normal-700.a39de6b1b80c7f21cf88.woff"	""	"200"	"0"	"1970-01-01 00:00:00"	"2026-01-16 14:43:08"	"2026-01-16 14:43:08"
"https://pm.juan-tech.com/fonts/Open_Sans-normal-400.8465030b62273715c99d.woff"	""	"200"	"0"	"1970-01-01 00:00:00"	"2026-01-09 11:18:15"	"2026-01-09 11:18:15"
"https://pm.juan-tech.com/fonts/Open_Sans-normal-600.7f2861051b34a8ecd9f2.woff"	""	"200"	"0"	"1970-01-01 00:00:00"	"2026-01-09 10:41:15"	"2026-01-09 10:41:15"
"https://n8n.juan-tech.com/icons/n8n-nodes-base/dist/nodes/Zammad/zammad.svg"	""	"204"	"0"	"1970-01-01 00:00:00"	"2025-10-23 13:22:42"	"2025-12-31 18:38:38"
"https://n8n.juan-tech.com/icons/n8n-nodes-base/dist/nodes/Zoom/zoom.svg"	""	"204"	"0"	"1970-01-01 00:00:00"	"2025-10-23 13:15:52"	"2025-12-31 13:42:33"
"https://n8n.juan-tech.com/static/form-grey.svg"	""	"204"	"0"	"1970-01-01 00:00:00"	"2025-10-23 13:09:09"	"2025-12-31 01:33:43"
"https://n8n.juan-tech.com/static/webhook-icon.svg"	""	"204"	"0"	"1970-01-01 00:00:00"	"2025-10-23 13:01:05"	"2025-12-31 00:29:44"
"https://panel.juan-tech.com/wp-content/uploads/2025/08/consulting-47.avif"	""	"200"	"0"	"1970-01-01 00:00:00"	"2025-10-23 12:45:59"	"2025-12-30 22:48:57"
"https://mercadeo.juan-tech.com/wp-content/plugins/elementor/assets/lib/font-awesome/webfonts/fa-regular-400.svg"	""	"520"	"0"	"1970-01-01 00:00:00"	"2025-12-27 23:30:20"	"2025-12-27 23:30:20"
"https://mercadeo.juan-tech.com/wp-content/plugins/elementor/assets/lib/font-awesome/webfonts/fa-regular-400.ttf"	""	"520"	"0"	"1970-01-01 00:00:00"	"2025-12-26 16:06:31"	"2025-12-26 16:06:31"
"https://mercadeo.juan-tech.com/wp-content/plugins/elementor/assets/lib/font-awesome/webfonts/fa-regular-400.woff"	""	"520"	"0"	"1970-01-01 00:00:00"	"2025-12-25 16:01:52"	"2025-12-25 16:01:52"
"https://mercadeo.juan-tech.com/wp-content/plugins/elementor/assets/lib/font-awesome/webfonts/fa-regular-400.woff2"	""	"520"	"0"	"1970-01-01 00:00:00"	"2025-12-24 18:24:29"	"2025-12-24 18:24:29"
"https://mercadeo.juan-tech.com/wp-content/plugins/elementor/assets/lib/font-awesome/webfonts/fa-solid-900.ttf"	""	"520"	"0"	"1970-01-01 00:00:00"	"2025-12-24 13:56:34"	"2025-12-24 13:56:34"
"https://mercadeo.juan-tech.com/wp-content/plugins/elementor/assets/lib/font-awesome/webfonts/fa-solid-900.eot"	""	"520"	"0"	"1970-01-01 00:00:00"	"2025-12-24 13:00:19"	"2025-12-24 13:00:19"
"https://mercadeo.juan-tech.com/wp-content/plugins/elementor/assets/lib/font-awesome/webfonts/fa-solid-900.svg"	""	"520"	"0"	"1970-01-01 00:00:00"	"2025-12-24 12:32:31"	"2025-12-24 12:32:31"
"https://mercadeo.juan-tech.com/wp-content/plugins/elementor/assets/lib/font-awesome/webfonts/fa-solid-900.woff"	""	"520"	"0"	"1970-01-01 00:00:00"	"2025-12-24 12:17:05"	"2025-12-24 12:17:05"
"https://pm.juan-tech.com/fonts/bwi-font.dcbd65c06416f845469d.svg"	""	"530"	"0"	"1970-01-01 00:00:00"	"2025-12-21 13:24:19"	"2025-12-21 13:24:19"
"https://panel.juan-tech.com/wp-content/themes/twentytwentyfive/assets/fonts/manrope/Manrope-VariableFont_wght.woff2"	""	"521"	"0"	"1970-01-01 00:00:00"	"2025-12-08 16:49:42"	"2025-12-08 16:49:42"
"https://staging.juan-tech.com/assets/img/hero/hero-blob-1.svg"	""	"404"	"0"	"1970-01-01 00:00:00"	"2025-12-06 04:20:41"	"2025-12-06 04:20:41"
"https://staging.juan-tech.com/font-awesome/fonts/fontawesome-webfont.eot"	""	"520"	"0"	"1970-01-01 00:00:00"	"2025-12-03 11:07:15"	"2025-12-03 11:07:15"
"https://staging.juan-tech.com/fonts/glyphicons-halflings-regular.eot"	""	"520"	"0"	"1970-01-01 00:00:00"	"2025-12-02 04:03:43"	"2025-12-02 04:03:43"
"https://staging.juan-tech.com/fonts/glyphicons-halflings-regular.svg"	""	"520"	"0"	"1970-01-01 00:00:00"	"2025-12-01 12:46:25"	"2025-12-01 12:46:25"
"https://staging.juan-tech.com/fonts/glyphicons-halflings-regular.ttf"	""	"520"	"0"	"1970-01-01 00:00:00"	"2025-12-01 06:08:06"	"2025-12-01 06:08:06"
"https://staging.juan-tech.com/fonts/glyphicons-halflings-regular.woff"	""	"520"	"0"	"1970-01-01 00:00:00"	"2025-12-01 03:31:57"	"2025-12-01 03:31:57"
"https://staging.juan-tech.com/fonts/glyphicons-halflings-regular.woff2"	""	"520"	"0"	"1970-01-01 00:00:00"	"2025-12-01 02:17:13"	"2025-12-01 02:17:13"
"https://n8n.juan-tech.com/icons/n8n-nodes-base/dist/nodes/Adalo/adalo.svg"	""	"204"	"0"	"1970-01-01 00:00:00"	"2025-10-27 00:44:46"	"2025-10-27 00:44:46"
"https://n8n.juan-tech.com/icons/n8n-nodes-base/dist/nodes/Snowflake/snowflake.svg"	""	"204"	"0"	"1970-01-01 00:00:00"	"2025-10-26 21:26:40"	"2025-10-26 21:26:40"
"https://panel.juan-tech.com/wp-content/plugins/mainwp/assets/images/mainwp-icon.svg"	""	"200"	"0"	"1970-01-01 00:00:00"	"2025-10-26 19:45:00"	"2025-10-26 19:45:00"
"https://n8n.juan-tech.com/icons/n8n-nodes-base/dist/nodes/NextCloud/nextcloud.svg"	""	"204"	"0"	"1970-01-01 00:00:00"	"2025-10-26 08:25:26"	"2025-10-26 08:25:26"
"https://n8n.juan-tech.com/icons/@n8n/n8n-nodes-langchain/dist/nodes/llms/LMCohere/cohere.dark.svg"	""	"204"	"0"	"1970-01-01 00:00:00"	"2025-10-25 00:19:31"	"2025-10-25 00:19:31"
"https://n8n.juan-tech.com/icons/@n8n/n8n-nodes-langchain/dist/nodes/llms/LMOpenHuggingFaceInference/huggingface.svg"	""	"204"	"0"	"1970-01-01 00:00:00"	"2025-10-24 23:45:23"	"2025-10-24 23:45:23"
"https://n8n.juan-tech.com/icons/@n8n/n8n-nodes-langchain/dist/nodes/llms/LmChatGoogleVertex/google.svg"	""	"204"	"0"	"1970-01-01 00:00:00"	"2025-10-24 23:10:31"	"2025-10-24 23:10:31"
"https://n8n.juan-tech.com/icons/n8n-nodes-base/dist/nodes/Autopilot/autopilot.svg"	""	"204"	"0"	"1970-01-01 00:00:00"	"2025-10-24 22:22:58"	"2025-10-24 22:22:58"
"https://n8n.juan-tech.com/icons/n8n-nodes-base/dist/nodes/Dropcontact/dropcontact.svg"	""	"204"	"0"	"1970-01-01 00:00:00"	"2025-10-24 22:17:43"	"2025-10-24 22:17:43"
"https://n8n.juan-tech.com/icons/n8n-nodes-base/dist/nodes/ERPNext/erpnext.svg"	""	"204"	"0"	"1970-01-01 00:00:00"	"2025-10-24 22:12:30"	"2025-10-24 22:12:30"
"https://n8n.juan-tech.com/icons/n8n-nodes-base/dist/nodes/Form/form.svg"	""	"204"	"0"	"1970-01-01 00:00:00"	"2025-10-24 22:07:21"	"2025-10-24 22:07:21"
"https://n8n.juan-tech.com/icons/n8n-nodes-base/dist/nodes/Google/Docs/googleDocs.svg"	""	"204"	"0"	"1970-01-01 00:00:00"	"2025-10-24 22:02:00"	"2025-10-24 22:02:00"
"https://n8n.juan-tech.com/icons/n8n-nodes-base/dist/nodes/Mailcheck/mailcheck.svg"	""	"204"	"0"	"1970-01-01 00:00:00"	"2025-10-24 21:56:35"	"2025-10-24 21:56:35"
"https://n8n.juan-tech.com/icons/n8n-nodes-base/dist/nodes/Mailgun/mailgun.svg"	""	"204"	"0"	"1970-01-01 00:00:00"	"2025-10-24 21:51:36"	"2025-10-24 21:51:36"
"https://n8n.juan-tech.com/icons/n8n-nodes-base/dist/nodes/Oura/oura.dark.svg"	""	"204"	"0"	"1970-01-01 00:00:00"	"2025-10-24 21:41:27"	"2025-10-24 21:41:27"
"https://n8n.juan-tech.com/icons/n8n-nodes-base/dist/nodes/PagerDuty/pagerDuty.svg"	""	"204"	"0"	"1970-01-01 00:00:00"	"2025-10-24 21:36:14"	"2025-10-24 21:36:14"
"https://n8n.juan-tech.com/icons/n8n-nodes-base/dist/nodes/Storyblok/storyblok.svg"	""	"204"	"0"	"1970-01-01 00:00:00"	"2025-10-24 21:24:48"	"2025-10-24 21:24:48"
"https://n8n.juan-tech.com/icons/n8n-nodes-base/dist/nodes/Strava/strava.svg"	""	"204"	"0"	"1970-01-01 00:00:00"	"2025-10-24 21:19:23"	"2025-10-24 21:19:23"
"https://n8n.juan-tech.com/icons/n8n-nodes-base/dist/nodes/Todoist/todoist.svg"	""	"204"	"0"	"1970-01-01 00:00:00"	"2025-10-24 21:13:57"	"2025-10-24 21:13:57"
"https://n8n.juan-tech.com/icons/n8n-nodes-base/dist/nodes/Venafi/venafi.svg"	""	"204"	"0"	"1970-01-01 00:00:00"	"2025-10-24 21:08:33"	"2025-10-24 21:08:33"
"https://n8n.juan-tech.com/icons/n8n-nodes-base/dist/nodes/Zendesk/zendesk.svg"	""	"204"	"0"	"1970-01-01 00:00:00"	"2025-10-24 21:03:08"	"2025-10-24 21:03:08"
"https://panel.juan-tech.com/wp-content/themes/Divi_5/Divi/includes/builder-5/visual-builder-assets/tinymce-skin/fonts/tinymce.woff"	""	"200"	"0"	"1970-01-01 00:00:00"	"2025-10-24 20:50:25"	"2025-10-24 20:50:25"
"https://panel.juan-tech.com/wp-content/uploads/2025/08/consulting-46-480x480.avif"	""	"200"	"0"	"1970-01-01 00:00:00"	"2025-10-24 20:41:36"	"2025-10-24 20:41:36"
"https://n8n.juan-tech.com/icons/@n8n/n8n-nodes-langchain/dist/nodes/llms/LmChatAzureOpenAi/azure.svg"	""	"204"	"0"	"1970-01-01 00:00:00"	"2025-10-24 20:31:20"	"2025-10-24 20:31:20"
"https://n8n.juan-tech.com/icons/@n8n/n8n-nodes-langchain/dist/nodes/vendors/OpenAi/openAi.dark.svg"	""	"204"	"0"	"1970-01-01 00:00:00"	"2025-10-24 20:26:04"	"2025-10-24 20:26:04"
"https://n8n.juan-tech.com/icons/n8n-nodes-base/dist/credentials/icons/Microsoft.svg"	""	"204"	"0"	"1970-01-01 00:00:00"	"2025-10-24 20:20:47"	"2025-10-24 20:20:47"
"https://n8n.juan-tech.com/icons/n8n-nodes-base/dist/nodes/ActionNetwork/actionNetwork.svg"	""	"204"	"0"	"1970-01-01 00:00:00"	"2025-10-24 20:16:09"	"2025-10-24 20:16:09"
"https://n8n.juan-tech.com/icons/n8n-nodes-base/dist/nodes/Aws/DynamoDB/dynamodb.svg"	""	"204"	"0"	"1970-01-01 00:00:00"	"2025-10-24 20:11:12"	"2025-10-24 20:11:12"
"https://n8n.juan-tech.com/icons/n8n-nodes-base/dist/nodes/Aws/Transcribe/transcribe.svg"	""	"204"	"0"	"1970-01-01 00:00:00"	"2025-10-24 20:06:23"	"2025-10-24 20:06:23"
"https://n8n.juan-tech.com/icons/n8n-nodes-base/dist/nodes/Bitbucket/bitbucket.svg"	""	"204"	"0"	"1970-01-01 00:00:00"	"2025-10-24 20:01:20"	"2025-10-24 20:01:20"
"https://n8n.juan-tech.com/icons/n8n-nodes-base/dist/nodes/Bitly/bitly.svg"	""	"204"	"0"	"1970-01-01 00:00:00"	"2025-10-24 19:56:17"	"2025-10-24 19:56:17"
"https://n8n.juan-tech.com/icons/n8n-nodes-base/dist/nodes/Cal/cal.dark.svg"	""	"204"	"0"	"1970-01-01 00:00:00"	"2025-10-24 19:51:10"	"2025-10-24 19:51:10"
"https://n8n.juan-tech.com/icons/n8n-nodes-base/dist/nodes/Calendly/calendly.svg"	""	"204"	"0"	"1970-01-01 00:00:00"	"2025-10-24 19:46:02"	"2025-10-24 19:46:02"
"https://n8n.juan-tech.com/icons/n8n-nodes-base/dist/nodes/CustomerIo/customerio.dark.svg"	""	"204"	"0"	"1970-01-01 00:00:00"	"2025-10-24 19:41:18"	"2025-10-24 19:41:18"
"https://n8n.juan-tech.com/icons/n8n-nodes-base/dist/nodes/Drift/drift.dark.svg"	""	"204"	"0"	"1970-01-01 00:00:00"	"2025-10-24 19:36:32"	"2025-10-24 19:36:32"
"https://n8n.juan-tech.com/icons/n8n-nodes-base/dist/nodes/Emelia/emelia.svg"	""	"204"	"0"	"1970-01-01 00:00:00"	"2025-10-24 19:32:02"	"2025-10-24 19:32:02"
"https://n8n.juan-tech.com/icons/n8n-nodes-base/dist/nodes/Flow/flow.svg"	""	"204"	"0"	"1970-01-01 00:00:00"	"2025-10-24 19:26:50"	"2025-10-24 19:26:50"
"https://n8n.juan-tech.com/icons/n8n-nodes-base/dist/nodes/Google/BusinessProfile/googleBusinessProfile.svg"	""	"204"	"0"	"1970-01-01 00:00:00"	"2025-10-24 19:21:52"	"2025-10-24 19:21:52"
"https://n8n.juan-tech.com/icons/n8n-nodes-base/dist/nodes/Google/Sheet/googleSheets.svg"	""	"204"	"0"	"1970-01-01 00:00:00"	"2025-10-24 19:16:42"	"2025-10-24 19:16:42"
"https://n8n.juan-tech.com/icons/n8n-nodes-base/dist/nodes/Jira/jira.svg"	""	"204"	"0"	"1970-01-01 00:00:00"	"2025-10-24 19:11:40"	"2025-10-24 19:11:40"
"https://n8n.juan-tech.com/icons/n8n-nodes-base/dist/nodes/Jwt/jwt.svg"	""	"204"	"0"	"1970-01-01 00:00:00"	"2025-10-24 19:05:58"	"2025-10-24 19:05:58"
"https://n8n.juan-tech.com/icons/n8n-nodes-base/dist/nodes/Mautic/mautic.svg"	""	"204"	"0"	"1970-01-01 00:00:00"	"2025-10-24 18:59:32"	"2025-10-24 18:59:32"
"https://n8n.juan-tech.com/icons/n8n-nodes-base/dist/nodes/MongoDb/mongodb.svg"	""	"204"	"0"	"1970-01-01 00:00:00"	"2025-10-24 18:53:10"	"2025-10-24 18:53:10"
"https://n8n.juan-tech.com/icons/n8n-nodes-base/dist/nodes/TheHiveProject/thehiveproject.svg"	""	"204"	"0"	"1970-01-01 00:00:00"	"2025-10-24 18:46:37"	"2025-10-24 18:46:37"
"https://n8n.juan-tech.com/icons/n8n-nodes-base/dist/nodes/Wise/wise.svg"	""	"204"	"0"	"1970-01-01 00:00:00"	"2025-10-24 18:39:27"	"2025-10-24 18:39:27"
"https://n8n.juan-tech.com/icons/n8n-nodes-base/dist/nodes/Okta/Okta.dark.svg"	""	"204"	"0"	"1970-01-01 00:00:00"	"2025-10-24 18:13:03"	"2025-10-24 18:13:03"
"https://n8n.juan-tech.com/icons/n8n-nodes-base/dist/nodes/Supabase/supabase.svg"	""	"204"	"0"	"1970-01-01 00:00:00"	"2025-10-24 18:01:32"	"2025-10-24 18:01:32"
"https://n8n.juan-tech.com/icons/n8n-nodes-base/dist/nodes/Vero/vero.svg"	""	"204"	"0"	"1970-01-01 00:00:00"	"2025-10-24 17:50:34"	"2025-10-24 17:50:34"
"https://n8n.juan-tech.com/icons/n8n-nodes-base/dist/nodes/Webflow/webflow.svg"	""	"204"	"0"	"1970-01-01 00:00:00"	"2025-10-24 17:39:29"	"2025-10-24 17:39:29"
"https://n8n.juan-tech.com/icons/n8n-nodes-base/dist/nodes/WooCommerce/wooCommerce.svg"	""	"204"	"0"	"1970-01-01 00:00:00"	"2025-10-24 17:28:07"	"2025-10-24 17:28:07"
"https://panel.juan-tech.com/wp-content/plugins/performance-lab/includes/site-health/avif-headers/images/lossy.avif"	""	"200"	"0"	"1970-01-01 00:00:00"	"2025-10-24 17:16:55"	"2025-10-24 17:16:55"
"https://panel.juan-tech.com/wp-content/themes/Divi_5/Divi/core/admin/fonts/fontawesome/fa-solid-900.woff2"	""	"200"	"0"	"1970-01-01 00:00:00"	"2025-10-24 17:04:07"	"2025-10-24 17:04:07"
"https://panel.juan-tech.com/wp-content/uploads/2025/08/tech-03-1024x768-1.avif"	""	"200"	"0"	"1970-01-01 00:00:00"	"2025-10-24 16:51:13"	"2025-10-24 16:51:13"
"https://panel.juan-tech.com/wp-includes/fonts/dashicons.woff2"	""	"200"	"0"	"1970-01-01 00:00:00"	"2025-10-24 16:35:49"	"2025-10-24 16:35:49"
"https://invoiceocr.juan-tech.com/_autoindex/assets/icons/folder-fill.svg"	""	"520"	"0"	"1970-01-01 00:00:00"	"2025-10-24 16:23:52"	"2025-10-24 16:23:52"
"https://n8n.juan-tech.com/icons/@n8n/n8n-nodes-langchain/dist/nodes/llms/LMChatOllama/ollama.svg"	""	"204"	"0"	"1970-01-01 00:00:00"	"2025-10-24 16:18:43"	"2025-10-24 16:18:43"
"https://n8n.juan-tech.com/icons/@n8n/n8n-nodes-langchain/dist/nodes/vector_store/VectorStoreMongoDBAtlas/mongodb.dark.svg"	""	"204"	"0"	"1970-01-01 00:00:00"	"2025-10-24 16:13:54"	"2025-10-24 16:13:54"
"https://n8n.juan-tech.com/icons/@n8n/n8n-nodes-langchain/dist/nodes/vendors/Ollama/ollama.svg"	""	"204"	"0"	"1970-01-01 00:00:00"	"2025-10-24 16:08:58"	"2025-10-24 16:08:58"
"https://n8n.juan-tech.com/icons/n8n-nodes-base/dist/credentials/icons/CrowdStrike.dark.svg"	""	"204"	"0"	"1970-01-01 00:00:00"	"2025-10-24 16:04:00"	"2025-10-24 16:04:00"
"https://n8n.juan-tech.com/icons/n8n-nodes-base/dist/nodes/Affinity/affinity.dark.svg"	""	"204"	"0"	"1970-01-01 00:00:00"	"2025-10-24 15:59:11"	"2025-10-24 15:59:11"
"https://n8n.juan-tech.com/icons/n8n-nodes-base/dist/nodes/Aws/Cognito/cognito.svg"	""	"204"	"0"	"1970-01-01 00:00:00"	"2025-10-24 15:53:56"	"2025-10-24 15:53:56"
"https://n8n.juan-tech.com/icons/n8n-nodes-base/dist/nodes/Aws/ELB/elb.svg"	""	"204"	"0"	"1970-01-01 00:00:00"	"2025-10-24 15:48:48"	"2025-10-24 15:48:48"
"https://n8n.juan-tech.com/icons/n8n-nodes-base/dist/nodes/Cortex/cortex.svg"	""	"204"	"0"	"1970-01-01 00:00:00"	"2025-10-24 15:44:03"	"2025-10-24 15:44:03"
"https://n8n.juan-tech.com/icons/n8n-nodes-base/dist/nodes/Intercom/intercom.svg"	""	"204"	"0"	"1970-01-01 00:00:00"	"2025-10-24 15:39:12"	"2025-10-24 15:39:12"
"https://n8n.juan-tech.com/icons/n8n-nodes-base/dist/nodes/Microsoft/Excel/excel.svg"	""	"204"	"0"	"1970-01-01 00:00:00"	"2025-10-24 15:33:53"	"2025-10-24 15:33:53"
"https://n8n.juan-tech.com/icons/n8n-nodes-base/dist/nodes/Microsoft/Teams/teams.svg"	""	"204"	"0"	"1970-01-01 00:00:00"	"2025-10-24 15:28:46"	"2025-10-24 15:28:46"
"https://n8n.juan-tech.com/icons/n8n-nodes-base/dist/nodes/MondayCom/mondayCom.svg"	""	"204"	"0"	"1970-01-01 00:00:00"	"2025-10-24 15:23:33"	"2025-10-24 15:23:33"
"https://n8n.juan-tech.com/icons/n8n-nodes-base/dist/nodes/N8nTrainingCustomerDatastore/n8nTrainingCustomerDatastore.dark.svg"	""	"204"	"0"	"1970-01-01 00:00:00"	"2025-10-24 15:18:29"	"2025-10-24 15:18:29"
"https://n8n.juan-tech.com/icons/n8n-nodes-base/dist/nodes/Pushbullet/pushbullet.svg"	""	"204"	"0"	"1970-01-01 00:00:00"	"2025-10-24 15:13:20"	"2025-10-24 15:13:20"
"https://n8n.juan-tech.com/icons/n8n-nodes-base/dist/nodes/Salesforce/salesforce.svg"	""	"204"	"0"	"1970-01-01 00:00:00"	"2025-10-24 15:07:42"	"2025-10-24 15:07:42"
"https://n8n.juan-tech.com/icons/n8n-nodes-base/dist/nodes/Shopify/shopify.svg"	""	"204"	"0"	"1970-01-01 00:00:00"	"2025-10-24 15:02:13"	"2025-10-24 15:02:13"
"https://n8n.juan-tech.com/icons/n8n-nodes-base/dist/nodes/Splunk/splunk.svg"	""	"204"	"0"	"1970-01-01 00:00:00"	"2025-10-24 14:56:51"	"2025-10-24 14:56:51"
"https://n8n.juan-tech.com/icons/n8n-nodes-base/dist/nodes/SurveyMonkey/surveyMonkey.svg"	""	"204"	"0"	"1970-01-01 00:00:00"	"2025-10-24 14:51:57"	"2025-10-24 14:51:57"
"https://panel.juan-tech.com/wp-content/plugins/mainwp/assets/css/fonts/Inter/Inter-Regular.ttf"	""	"200"	"0"	"1970-01-01 00:00:00"	"2025-10-24 14:46:46"	"2025-10-24 14:46:46"
"https://panel.juan-tech.com/wp-content/plugins/mainwp/assets/js/fomantic-ui/themes/default/assets/fonts/icons.woff2"	""	"200"	"0"	"1970-01-01 00:00:00"	"2025-10-24 14:41:32"	"2025-10-24 14:41:32"
"https://panel.juan-tech.com/wp-content/themes/Divi_5/Divi/core/admin/fonts/modules/social/modules.woff"	""	"200"	"0"	"1970-01-01 00:00:00"	"2025-10-24 14:36:02"	"2025-10-24 14:36:02"
"https://panel.juan-tech.com/wp-content/uploads/2025/08/consulting-46-300x300.avif"	""	"200"	"0"	"1970-01-01 00:00:00"	"2025-10-24 14:27:54"	"2025-10-24 14:27:54"
"https://n8n.juan-tech.com/icons/@n8n/n8n-nodes-langchain/dist/nodes/llms/LMChatOpenAi/openAiLight.dark.svg"	""	"204"	"0"	"1970-01-01 00:00:00"	"2025-10-24 14:22:12"	"2025-10-24 14:22:12"
"https://n8n.juan-tech.com/icons/@n8n/n8n-nodes-langchain/dist/nodes/llms/LmChatCohere/cohere.dark.svg"	""	"204"	"0"	"1970-01-01 00:00:00"	"2025-10-24 14:17:00"	"2025-10-24 14:17:00"
"https://n8n.juan-tech.com/icons/@n8n/n8n-nodes-langchain/dist/nodes/llms/LmChatGroq/groq.svg"	""	"204"	"0"	"1970-01-01 00:00:00"	"2025-10-24 14:11:39"	"2025-10-24 14:11:39"
"https://n8n.juan-tech.com/icons/@n8n/n8n-nodes-langchain/dist/nodes/vendors/GoogleGemini/gemini.svg"	""	"204"	"0"	"1970-01-01 00:00:00"	"2025-10-24 14:06:59"	"2025-10-24 14:06:59"
"https://n8n.juan-tech.com/icons/n8n-nodes-base/dist/credentials/icons/SolarWindsIpam.svg"	""	"204"	"0"	"1970-01-01 00:00:00"	"2025-10-24 14:02:24"	"2025-10-24 14:02:24"
"https://n8n.juan-tech.com/icons/n8n-nodes-base/dist/credentials/icons/SolarWindsObservability.svg"	""	"204"	"0"	"1970-01-01 00:00:00"	"2025-10-24 13:57:05"	"2025-10-24 13:57:05"
"https://n8n.juan-tech.com/icons/n8n-nodes-base/dist/nodes/CircleCi/circleCi.dark.svg"	""	"204"	"0"	"1970-01-01 00:00:00"	"2025-10-24 13:51:59"	"2025-10-24 13:51:59"
"https://n8n.juan-tech.com/icons/n8n-nodes-base/dist/nodes/DeepL/deepL.dark.svg"	""	"204"	"0"	"1970-01-01 00:00:00"	"2025-10-24 13:47:03"	"2025-10-24 13:47:03"
"https://n8n.juan-tech.com/icons/n8n-nodes-base/dist/nodes/Dhl/dhl.svg"	""	"204"	"0"	"1970-01-01 00:00:00"	"2025-10-24 13:42:00"	"2025-10-24 13:42:00"
"https://n8n.juan-tech.com/icons/n8n-nodes-base/dist/nodes/Freshdesk/freshdesk.svg"	""	"204"	"0"	"1970-01-01 00:00:00"	"2025-10-24 13:37:08"	"2025-10-24 13:37:08"
"https://n8n.juan-tech.com/icons/n8n-nodes-base/dist/nodes/GoToWebinar/gotowebinar.svg"	""	"204"	"0"	"1970-01-01 00:00:00"	"2025-10-24 13:32:28"	"2025-10-24 13:32:28"
"https://n8n.juan-tech.com/icons/n8n-nodes-base/dist/nodes/Kafka/kafka.dark.svg"	""	"204"	"0"	"1970-01-01 00:00:00"	"2025-10-24 13:27:57"	"2025-10-24 13:27:57"
"https://n8n.juan-tech.com/icons/n8n-nodes-base/dist/nodes/Lemlist/lemlist.svg"	""	"204"	"0"	"1970-01-01 00:00:00"	"2025-10-24 13:23:28"	"2025-10-24 13:23:28"
"https://n8n.juan-tech.com/icons/n8n-nodes-base/dist/nodes/Microsoft/Outlook/outlook.svg"	""	"204"	"0"	"1970-01-01 00:00:00"	"2025-10-24 13:19:05"	"2025-10-24 13:19:05"
"https://n8n.juan-tech.com/icons/n8n-nodes-base/dist/nodes/Microsoft/Sql/mssql.svg"	""	"204"	"0"	"1970-01-01 00:00:00"	"2025-10-24 13:14:36"	"2025-10-24 13:14:36"
"https://n8n.juan-tech.com/icons/n8n-nodes-base/dist/nodes/Netscaler/ADC/netscaler.dark.svg"	""	"204"	"0"	"1970-01-01 00:00:00"	"2025-10-24 13:09:49"	"2025-10-24 13:09:49"
"https://n8n.juan-tech.com/icons/n8n-nodes-base/dist/nodes/PostHog/postHog.svg"	""	"204"	"0"	"1970-01-01 00:00:00"	"2025-10-24 13:05:11"	"2025-10-24 13:05:11"
"https://n8n.juan-tech.com/icons/n8n-nodes-base/dist/nodes/QuickChart/quickChart.svg"	""	"204"	"0"	"1970-01-01 00:00:00"	"2025-10-24 13:00:09"	"2025-10-24 13:00:09"
"https://n8n.juan-tech.com/icons/n8n-nodes-base/dist/nodes/SeaTable/seaTable.svg"	""	"204"	"0"	"1970-01-01 00:00:00"	"2025-10-24 12:55:27"	"2025-10-24 12:55:27"
"https://n8n.juan-tech.com/icons/n8n-nodes-base/dist/nodes/Transform/Limit/limit.svg"	""	"204"	"0"	"1970-01-01 00:00:00"	"2025-10-24 12:50:40"	"2025-10-24 12:50:40"
"https://n8n.juan-tech.com/icons/n8n-nodes-base/dist/nodes/Zulip/zulip.svg"	""	"204"	"0"	"1970-01-01 00:00:00"	"2025-10-24 12:44:52"	"2025-10-24 12:44:52"
"https://panel.juan-tech.com/wp-content/plugins/mainwp/assets/js/fomantic-ui/themes/default/assets/fonts/outline-icons.woff2"	""	"200"	"0"	"1970-01-01 00:00:00"	"2025-10-24 12:39:05"	"2025-10-24 12:39:05"
"https://n8n.juan-tech.com/icons/n8n-nodes-base/dist/nodes/Airtable/airtable.svg"	""	"204"	"0"	"1970-01-01 00:00:00"	"2025-10-24 12:31:06"	"2025-10-24 12:31:06"
"https://n8n.juan-tech.com/icons/n8n-nodes-base/dist/nodes/Brevo/brevo.svg"	""	"204"	"0"	"1970-01-01 00:00:00"	"2025-10-24 12:25:29"	"2025-10-24 12:25:29"
"https://n8n.juan-tech.com/icons/n8n-nodes-base/dist/nodes/Cockpit/cockpit.dark.svg"	""	"204"	"0"	"1970-01-01 00:00:00"	"2025-10-24 12:20:00"	"2025-10-24 12:20:00"
"https://n8n.juan-tech.com/icons/n8n-nodes-base/dist/nodes/FacebookLeadAds/facebook.svg"	""	"204"	"0"	"1970-01-01 00:00:00"	"2025-10-24 12:14:39"	"2025-10-24 12:14:39"
"https://n8n.juan-tech.com/icons/n8n-nodes-base/dist/nodes/Git/git.svg"	""	"204"	"0"	"1970-01-01 00:00:00"	"2025-10-24 12:09:12"	"2025-10-24 12:09:12"
"https://n8n.juan-tech.com/icons/n8n-nodes-base/dist/nodes/HaloPSA/halopsa.svg"	""	"204"	"0"	"1970-01-01 00:00:00"	"2025-10-24 12:03:49"	"2025-10-24 12:03:49"
"https://n8n.juan-tech.com/icons/n8n-nodes-base/dist/nodes/MessageBird/messagebird.svg"	""	"204"	"0"	"1970-01-01 00:00:00"	"2025-10-24 11:58:45"	"2025-10-24 11:58:45"
"https://n8n.juan-tech.com/icons/n8n-nodes-base/dist/nodes/Microsoft/AzureCosmosDb/AzureCosmosDb.svg"	""	"204"	"0"	"1970-01-01 00:00:00"	"2025-10-24 11:53:25"	"2025-10-24 11:53:25"
"https://n8n.juan-tech.com/icons/n8n-nodes-base/dist/nodes/MistralAI/mistralAi.svg"	""	"204"	"0"	"1970-01-01 00:00:00"	"2025-10-24 11:48:38"	"2025-10-24 11:48:38"
"https://n8n.juan-tech.com/icons/n8n-nodes-base/dist/nodes/MySql/mysql.dark.svg"	""	"204"	"0"	"1970-01-01 00:00:00"	"2025-10-24 11:43:30"	"2025-10-24 11:43:30"
"https://n8n.juan-tech.com/icons/n8n-nodes-base/dist/nodes/N8n/n8n.svg"	""	"204"	"0"	"1970-01-01 00:00:00"	"2025-10-24 11:37:33"	"2025-10-24 11:37:33"
"https://n8n.juan-tech.com/icons/n8n-nodes-base/dist/nodes/N8nTrainingCustomerMessenger/n8nTrainingCustomerMessenger.dark.svg"	""	"204"	"0"	"1970-01-01 00:00:00"	"2025-10-24 11:30:53"	"2025-10-24 11:30:53"
"https://n8n.juan-tech.com/icons/n8n-nodes-base/dist/nodes/QuickBooks/quickbooks.svg"	""	"204"	"0"	"1970-01-01 00:00:00"	"2025-10-24 11:24:50"	"2025-10-24 11:24:50"
"https://n8n.juan-tech.com/icons/n8n-nodes-base/dist/nodes/Segment/segment.svg"	""	"204"	"0"	"1970-01-01 00:00:00"	"2025-10-24 11:18:26"	"2025-10-24 11:18:26"
"https://n8n.juan-tech.com/icons/n8n-nodes-base/dist/nodes/ServiceNow/servicenow.svg"	""	"204"	"0"	"1970-01-01 00:00:00"	"2025-10-24 11:12:19"	"2025-10-24 11:12:19"
"https://n8n.juan-tech.com/icons/n8n-nodes-base/dist/nodes/Slack/slack.svg"	""	"204"	"0"	"1970-01-01 00:00:00"	"2025-10-24 11:04:52"	"2025-10-24 11:04:52"
"https://n8n.juan-tech.com/icons/n8n-nodes-base/dist/nodes/Wordpress/wordpress.svg"	""	"204"	"0"	"1970-01-01 00:00:00"	"2025-10-24 10:57:27"	"2025-10-24 10:57:27"
"https://panel.juan-tech.com/wp-content/uploads/2025/08/consulting-47-480x480.avif"	""	"200"	"0"	"1970-01-01 00:00:00"	"2025-10-24 10:50:57"	"2025-10-24 10:50:57"
"https://panel.juan-tech.com/wp-content/uploads/2025/08/corp-1-218x300.avif"	""	"200"	"0"	"1970-01-01 00:00:00"	"2025-10-24 10:44:42"	"2025-10-24 10:44:42"
"https://panel.juan-tech.com/wp-content/uploads/2025/08/sol-218x300.avif"	""	"200"	"0"	"1970-01-01 00:00:00"	"2025-10-24 10:34:47"	"2025-10-24 10:34:47"
"https://n8n.juan-tech.com/icons/@n8n/n8n-nodes-langchain/dist/nodes/llms/LMOllama/ollama.svg"	""	"204"	"0"	"1970-01-01 00:00:00"	"2025-10-24 10:21:37"	"2025-10-24 10:21:37"
"https://n8n.juan-tech.com/icons/n8n-nodes-base/dist/nodes/Aws/CertificateManager/acm.svg"	""	"204"	"0"	"1970-01-01 00:00:00"	"2025-10-24 10:15:18"	"2025-10-24 10:15:18"
"https://n8n.juan-tech.com/icons/n8n-nodes-base/dist/nodes/Aws/Textract/textract.svg"	""	"204"	"0"	"1970-01-01 00:00:00"	"2025-10-24 10:09:24"	"2025-10-24 10:09:24"
"https://n8n.juan-tech.com/icons/n8n-nodes-base/dist/nodes/Clockify/clockify.dark.svg"	""	"204"	"0"	"1970-01-01 00:00:00"	"2025-10-24 10:03:19"	"2025-10-24 10:03:19"
"https://n8n.juan-tech.com/icons/n8n-nodes-base/dist/nodes/Egoi/egoi.svg"	""	"204"	"0"	"1970-01-01 00:00:00"	"2025-10-24 09:57:29"	"2025-10-24 09:57:29"
"https://n8n.juan-tech.com/icons/n8n-nodes-base/dist/nodes/Facebook/facebook.svg"	""	"204"	"0"	"1970-01-01 00:00:00"	"2025-10-24 09:51:35"	"2025-10-24 09:51:35"
"https://n8n.juan-tech.com/icons/n8n-nodes-base/dist/nodes/Figma/figma.svg"	""	"204"	"0"	"1970-01-01 00:00:00"	"2025-10-24 09:45:53"	"2025-10-24 09:45:53"
"https://n8n.juan-tech.com/icons/n8n-nodes-base/dist/nodes/Files/ReadWriteFile/readWriteFile.svg"	""	"204"	"0"	"1970-01-01 00:00:00"	"2025-10-24 09:40:02"	"2025-10-24 09:40:02"
"https://n8n.juan-tech.com/icons/n8n-nodes-base/dist/nodes/Google/Gmail/gmail.svg"	""	"204"	"0"	"1970-01-01 00:00:00"	"2025-10-24 09:33:58"	"2025-10-24 09:33:58"
"https://n8n.juan-tech.com/icons/n8n-nodes-base/dist/nodes/Hubspot/hubspot.svg"	""	"204"	"0"	"1970-01-01 00:00:00"	"2025-10-24 09:28:19"	"2025-10-24 09:28:19"
"https://n8n.juan-tech.com/icons/n8n-nodes-base/dist/nodes/Mocean/mocean.dark.svg"	""	"204"	"0"	"1970-01-01 00:00:00"	"2025-10-24 09:22:13"	"2025-10-24 09:22:13"
"https://n8n.juan-tech.com/icons/n8n-nodes-base/dist/nodes/Stripe/stripe.svg"	""	"204"	"0"	"1970-01-01 00:00:00"	"2025-10-24 09:16:03"	"2025-10-24 09:16:03"
"https://n8n.juan-tech.com/icons/n8n-nodes-base/dist/nodes/Transform/RemoveDuplicates/removeDuplicates.svg"	""	"204"	"0"	"1970-01-01 00:00:00"	"2025-10-24 09:10:12"	"2025-10-24 09:10:12"
"https://n8n.juan-tech.com/icons/n8n-nodes-base/dist/nodes/Transform/Summarize/summarize.svg"	""	"204"	"0"	"1970-01-01 00:00:00"	"2025-10-24 09:04:40"	"2025-10-24 09:04:40"
"https://n8n.juan-tech.com/icons/n8n-nodes-base/dist/nodes/Twitter/x.dark.svg"	""	"204"	"0"	"1970-01-01 00:00:00"	"2025-10-24 08:59:12"	"2025-10-24 08:59:12"
"https://panel.juan-tech.com/wp-content/uploads/2025/08/consulting-11-1024x576.avif"	""	"200"	"0"	"1970-01-01 00:00:00"	"2025-10-24 08:53:40"	"2025-10-24 08:53:40"
"https://panel.juan-tech.com/wp-content/uploads/2025/08/smb-745x1024.avif"	""	"200"	"0"	"1970-01-01 00:00:00"	"2025-10-24 08:48:01"	"2025-10-24 08:48:01"
"https://n8n.juan-tech.com/icons/@n8n/n8n-nodes-langchain/dist/nodes/llms/LmChatDeepSeek/deepseek.svg"	""	"204"	"0"	"1970-01-01 00:00:00"	"2025-10-24 08:33:45"	"2025-10-24 08:33:45"
"https://n8n.juan-tech.com/icons/@n8n/n8n-nodes-langchain/dist/nodes/mcp/mcp.dark.svg"	""	"204"	"0"	"1970-01-01 00:00:00"	"2025-10-24 08:29:06"	"2025-10-24 08:29:06"
"https://n8n.juan-tech.com/icons/n8n-nodes-base/dist/credentials/icons/Fortinet.svg"	""	"204"	"0"	"1970-01-01 00:00:00"	"2025-10-24 08:24:24"	"2025-10-24 08:24:24"
"https://n8n.juan-tech.com/icons/n8n-nodes-base/dist/nodes/Aws/SES/ses.svg"	""	"204"	"0"	"1970-01-01 00:00:00"	"2025-10-24 08:19:48"	"2025-10-24 08:19:48"
"https://n8n.juan-tech.com/icons/n8n-nodes-base/dist/nodes/Bubble/bubble.dark.svg"	""	"204"	"0"	"1970-01-01 00:00:00"	"2025-10-24 08:15:09"	"2025-10-24 08:15:09"
"https://n8n.juan-tech.com/icons/n8n-nodes-base/dist/nodes/Code/code.svg"	""	"204"	"0"	"1970-01-01 00:00:00"	"2025-10-24 08:09:51"	"2025-10-24 08:09:51"
"https://n8n.juan-tech.com/icons/n8n-nodes-base/dist/nodes/ConvertKit/convertKit.svg"	""	"204"	"0"	"1970-01-01 00:00:00"	"2025-10-24 08:04:53"	"2025-10-24 08:04:53"
"https://n8n.juan-tech.com/icons/n8n-nodes-base/dist/nodes/Discord/discord.svg"	""	"204"	"0"	"1970-01-01 00:00:00"	"2025-10-24 07:59:54"	"2025-10-24 07:59:54"
"https://n8n.juan-tech.com/icons/n8n-nodes-base/dist/nodes/Discourse/discourse.svg"	""	"204"	"0"	"1970-01-01 00:00:00"	"2025-10-24 07:54:50"	"2025-10-24 07:54:50"
"https://n8n.juan-tech.com/icons/n8n-nodes-base/dist/nodes/Google/Analytics/analytics.svg"	""	"204"	"0"	"1970-01-01 00:00:00"	"2025-10-24 07:50:05"	"2025-10-24 07:50:05"
"https://n8n.juan-tech.com/icons/n8n-nodes-base/dist/nodes/Google/Books/googlebooks.svg"	""	"204"	"0"	"1970-01-01 00:00:00"	"2025-10-24 07:45:19"	"2025-10-24 07:45:19"
"https://n8n.juan-tech.com/icons/n8n-nodes-base/dist/nodes/Google/Chat/googleChat.svg"	""	"204"	"0"	"1970-01-01 00:00:00"	"2025-10-24 07:40:29"	"2025-10-24 07:40:29"
"https://n8n.juan-tech.com/icons/n8n-nodes-base/dist/nodes/Google/Perspective/googlePerspective.dark.svg"	""	"204"	"0"	"1970-01-01 00:00:00"	"2025-10-24 07:35:32"	"2025-10-24 07:35:32"
"https://n8n.juan-tech.com/icons/n8n-nodes-base/dist/nodes/Linear/linear.svg"	""	"204"	"0"	"1970-01-01 00:00:00"	"2025-10-24 07:30:02"	"2025-10-24 07:30:02"
"https://n8n.juan-tech.com/icons/n8n-nodes-base/dist/nodes/MailerLite/MailerLite.svg"	""	"204"	"0"	"1970-01-01 00:00:00"	"2025-10-24 07:24:37"	"2025-10-24 07:24:37"
"https://n8n.juan-tech.com/icons/n8n-nodes-base/dist/nodes/Markdown/markdown.dark.svg"	""	"204"	"0"	"1970-01-01 00:00:00"	"2025-10-24 07:19:02"	"2025-10-24 07:19:02"
"https://n8n.juan-tech.com/icons/n8n-nodes-base/dist/nodes/Marketstack/marketstack.dark.svg"	""	"204"	"0"	"1970-01-01 00:00:00"	"2025-10-24 07:13:09"	"2025-10-24 07:13:09"
"https://n8n.juan-tech.com/icons/n8n-nodes-base/dist/nodes/Microsoft/GraphSecurity/microsoftGraph.svg"	""	"204"	"0"	"1970-01-01 00:00:00"	"2025-10-24 07:07:59"	"2025-10-24 07:07:59"
"https://n8n.juan-tech.com/icons/n8n-nodes-base/dist/nodes/Misp/misp.svg"	""	"204"	"0"	"1970-01-01 00:00:00"	"2025-10-24 07:01:54"	"2025-10-24 07:01:54"
"https://n8n.juan-tech.com/icons/n8n-nodes-base/dist/nodes/TimescaleDb/timescaleDb.dark.svg"	""	"204"	"0"	"1970-01-01 00:00:00"	"2025-10-24 06:48:25"	"2025-10-24 06:48:25"
"https://n8n.juan-tech.com/icons/n8n-nodes-base/dist/nodes/Transform/Aggregate/aggregate.svg"	""	"204"	"0"	"1970-01-01 00:00:00"	"2025-10-24 06:41:04"	"2025-10-24 06:41:04"
"https://n8n.juan-tech.com/icons/@n8n/n8n-nodes-langchain/dist/nodes/llms/LmChatVercelAiGateway/vercel.svg"	""	"204"	"0"	"1970-01-01 00:00:00"	"2025-10-24 06:33:19"	"2025-10-24 06:33:19"
"https://n8n.juan-tech.com/icons/@n8n/n8n-nodes-langchain/dist/nodes/vendors/Anthropic/anthropic.svg"	""	"204"	"0"	"1970-01-01 00:00:00"	"2025-10-24 06:27:59"	"2025-10-24 06:27:59"
"https://n8n.juan-tech.com/icons/n8n-nodes-base/dist/credentials/icons/Cisco.dark.svg"	""	"204"	"0"	"1970-01-01 00:00:00"	"2025-10-24 06:22:32"	"2025-10-24 06:22:32"
"https://n8n.juan-tech.com/icons/n8n-nodes-base/dist/nodes/ActiveCampaign/activeCampaign.dark.svg"	""	"204"	"0"	"1970-01-01 00:00:00"	"2025-10-24 06:16:57"	"2025-10-24 06:16:57"
"https://n8n.juan-tech.com/icons/n8n-nodes-base/dist/nodes/Asana/asana.svg"	""	"204"	"0"	"1970-01-01 00:00:00"	"2025-10-24 06:11:42"	"2025-10-24 06:11:42"
"https://n8n.juan-tech.com/icons/n8n-nodes-base/dist/nodes/Aws/Comprehend/comprehend.svg"	""	"204"	"0"	"1970-01-01 00:00:00"	"2025-10-24 06:06:26"	"2025-10-24 06:06:26"
"https://n8n.juan-tech.com/icons/n8n-nodes-base/dist/nodes/Aws/S3/s3.svg"	""	"204"	"0"	"1970-01-01 00:00:00"	"2025-10-24 06:00:47"	"2025-10-24 06:00:47"
"https://n8n.juan-tech.com/icons/n8n-nodes-base/dist/nodes/Files/ExtractFromFile/extractFromFile.dark.svg"	""	"204"	"0"	"1970-01-01 00:00:00"	"2025-10-24 05:55:25"	"2025-10-24 05:55:25"
"https://n8n.juan-tech.com/icons/n8n-nodes-base/dist/nodes/Formstack/formstack.svg"	""	"204"	"0"	"1970-01-01 00:00:00"	"2025-10-24 05:50:14"	"2025-10-24 05:50:14"
"https://n8n.juan-tech.com/icons/n8n-nodes-base/dist/nodes/FreshworksCrm/freshworksCrm.svg"	""	"204"	"0"	"1970-01-01 00:00:00"	"2025-10-24 05:45:21"	"2025-10-24 05:45:21"
"https://n8n.juan-tech.com/icons/n8n-nodes-base/dist/nodes/Google/BigQuery/googleBigQuery.svg"	""	"204"	"0"	"1970-01-01 00:00:00"	"2025-10-24 05:40:16"	"2025-10-24 05:40:16"
"https://n8n.juan-tech.com/icons/n8n-nodes-base/dist/nodes/Google/Drive/googleDrive.svg"	""	"204"	"0"	"1970-01-01 00:00:00"	"2025-10-24 05:35:11"	"2025-10-24 05:35:11"
"https://n8n.juan-tech.com/icons/n8n-nodes-base/dist/nodes/HttpRequest/httprequest.dark.svg"	""	"204"	"0"	"1970-01-01 00:00:00"	"2025-10-24 05:29:40"	"2025-10-24 05:29:40"
"https://n8n.juan-tech.com/icons/n8n-nodes-base/dist/nodes/LinkedIn/linkedin.svg"	""	"204"	"0"	"1970-01-01 00:00:00"	"2025-10-24 05:23:48"	"2025-10-24 05:23:48"
"https://n8n.juan-tech.com/icons/n8n-nodes-base/dist/nodes/Microsoft/Dynamics/microsoftDynamicsCrm.dark.svg"	""	"204"	"0"	"1970-01-01 00:00:00"	"2025-10-24 05:18:23"	"2025-10-24 05:18:23"
"https://n8n.juan-tech.com/icons/n8n-nodes-base/dist/nodes/Microsoft/Entra/microsoftEntra.dark.svg"	""	"204"	"0"	"1970-01-01 00:00:00"	"2025-10-24 05:12:33"	"2025-10-24 05:12:33"
"https://n8n.juan-tech.com/icons/n8n-nodes-base/dist/nodes/Microsoft/ToDo/todo.svg"	""	"204"	"0"	"1970-01-01 00:00:00"	"2025-10-24 05:06:01"	"2025-10-24 05:06:01"
"https://n8n.juan-tech.com/icons/n8n-nodes-base/dist/nodes/OneSimpleApi/onesimpleapi.svg"	""	"204"	"0"	"1970-01-01 00:00:00"	"2025-10-24 05:00:17"	"2025-10-24 05:00:17"
"https://n8n.juan-tech.com/icons/n8n-nodes-base/dist/nodes/Onfleet/Onfleet.svg"	""	"204"	"0"	"1970-01-01 00:00:00"	"2025-10-24 04:54:42"	"2025-10-24 04:54:42"
"https://n8n.juan-tech.com/icons/n8n-nodes-base/dist/nodes/Pipedrive/pipedrive.svg"	""	"204"	"0"	"1970-01-01 00:00:00"	"2025-10-24 04:48:12"	"2025-10-24 04:48:12"
"https://n8n.juan-tech.com/icons/n8n-nodes-base/dist/nodes/Spotify/spotify.svg"	""	"204"	"0"	"1970-01-01 00:00:00"	"2025-10-24 04:39:54"	"2025-10-24 04:39:54"
"https://n8n.juan-tech.com/icons/n8n-nodes-base/dist/nodes/Mailjet/mailjet.svg"	""	"204"	"0"	"1970-01-01 00:00:00"	"2025-10-24 04:30:48"	"2025-10-24 04:30:48"
"https://n8n.juan-tech.com/icons/n8n-nodes-base/dist/nodes/Mattermost/mattermost.svg"	""	"204"	"0"	"1970-01-01 00:00:00"	"2025-10-24 04:22:33"	"2025-10-24 04:22:33"
"https://n8n.juan-tech.com/icons/n8n-nodes-base/dist/nodes/Metabase/metabase.svg"	""	"204"	"0"	"1970-01-01 00:00:00"	"2025-10-24 04:12:48"	"2025-10-24 04:12:48"
"https://n8n.juan-tech.com/icons/n8n-nodes-base/dist/nodes/Msg91/msg91.dark.svg"	""	"204"	"0"	"1970-01-01 00:00:00"	"2025-10-24 04:02:38"	"2025-10-24 04:02:38"
"https://n8n.juan-tech.com/icons/n8n-nodes-base/dist/nodes/Netlify/netlify.svg"	""	"204"	"0"	"1970-01-01 00:00:00"	"2025-10-24 03:52:27"	"2025-10-24 03:52:27"
"https://n8n.juan-tech.com/icons/n8n-nodes-base/dist/nodes/NocoDB/nocodb.svg"	""	"204"	"0"	"1970-01-01 00:00:00"	"2025-10-24 03:41:39"	"2025-10-24 03:41:39"
"https://n8n.juan-tech.com/icons/n8n-nodes-base/dist/nodes/Rocketchat/rocketchat.svg"	""	"204"	"0"	"1970-01-01 00:00:00"	"2025-10-24 03:31:04"	"2025-10-24 03:31:04"
"https://n8n.juan-tech.com/icons/n8n-nodes-base/dist/nodes/Taiga/taiga.svg"	""	"204"	"0"	"1970-01-01 00:00:00"	"2025-10-24 03:20:20"	"2025-10-24 03:20:20"
"https://n8n.juan-tech.com/icons/n8n-nodes-base/dist/nodes/TheHive/thehive.svg"	""	"204"	"0"	"1970-01-01 00:00:00"	"2025-10-24 03:08:40"	"2025-10-24 03:08:40"
"https://n8n.juan-tech.com/icons/n8n-nodes-base/dist/nodes/UrlScanIo/urlScanIo.svg"	""	"204"	"0"	"1970-01-01 00:00:00"	"2025-10-24 02:57:51"	"2025-10-24 02:57:51"
"https://panel.juan-tech.com/wp-content/uploads/2025/08/consulting-45.avif"	""	"200"	"0"	"1970-01-01 00:00:00"	"2025-10-24 02:44:38"	"2025-10-24 02:44:38"
"https://n8n.juan-tech.com/assets/InterVariable-DiVDrmQJ.woff2"	""	"204"	"0"	"1970-01-01 00:00:00"	"2025-10-24 02:24:18"	"2025-10-24 02:24:18"
"https://n8n.juan-tech.com/favicon.ico"	""	"204"	"0"	"1970-01-01 00:00:00"	"2025-10-24 02:19:05"	"2025-10-24 02:19:05"
"https://n8n.juan-tech.com/icons/@n8n/n8n-nodes-langchain/dist/nodes/llms/LmChatMistralCloud/mistral.svg"	""	"204"	"0"	"1970-01-01 00:00:00"	"2025-10-24 02:13:47"	"2025-10-24 02:13:47"
"https://n8n.juan-tech.com/icons/@n8n/n8n-nodes-langchain/dist/nodes/vector_store/VectorStoreMilvus/milvus-icon-white.svg"	""	"204"	"0"	"1970-01-01 00:00:00"	"2025-10-24 02:08:37"	"2025-10-24 02:08:37"
"https://n8n.juan-tech.com/icons/n8n-nodes-base/dist/nodes/Amqp/amqp.svg"	""	"204"	"0"	"1970-01-01 00:00:00"	"2025-10-24 02:03:24"	"2025-10-24 02:03:24"
"https://n8n.juan-tech.com/icons/n8n-nodes-base/dist/nodes/CompareDatasets/compare.svg"	""	"204"	"0"	"1970-01-01 00:00:00"	"2025-10-24 01:58:37"	"2025-10-24 01:58:37"
"https://n8n.juan-tech.com/icons/n8n-nodes-base/dist/nodes/Google/Calendar/googleCalendar.svg"	""	"204"	"0"	"1970-01-01 00:00:00"	"2025-10-24 01:52:56"	"2025-10-24 01:52:56"
"https://n8n.juan-tech.com/icons/n8n-nodes-base/dist/nodes/Google/CloudStorage/googleCloudStorage.svg"	""	"204"	"0"	"1970-01-01 00:00:00"	"2025-10-24 01:47:25"	"2025-10-24 01:47:25"
"https://n8n.juan-tech.com/icons/n8n-nodes-base/dist/nodes/Google/Slides/googleslides.svg"	""	"204"	"0"	"1970-01-01 00:00:00"	"2025-10-24 01:41:33"	"2025-10-24 01:41:33"
"https://n8n.juan-tech.com/icons/n8n-nodes-base/dist/nodes/Grafana/grafana.svg"	""	"204"	"0"	"1970-01-01 00:00:00"	"2025-10-24 01:35:09"	"2025-10-24 01:35:09"
"https://n8n.juan-tech.com/icons/n8n-nodes-base/dist/nodes/HighLevel/highLevel.svg"	""	"204"	"0"	"1970-01-01 00:00:00"	"2025-10-24 01:29:19"	"2025-10-24 01:29:19"
"https://n8n.juan-tech.com/icons/n8n-nodes-base/dist/nodes/MQTT/mqtt.svg"	""	"204"	"0"	"1970-01-01 00:00:00"	"2025-10-24 01:23:21"	"2025-10-24 01:23:21"
"https://n8n.juan-tech.com/icons/n8n-nodes-base/dist/nodes/Mailchimp/mailchimp.dark.svg"	""	"204"	"0"	"1970-01-01 00:00:00"	"2025-10-24 01:16:56"	"2025-10-24 01:16:56"
"https://n8n.juan-tech.com/icons/n8n-nodes-base/dist/nodes/Microsoft/SharePoint/microsoftSharePoint.svg"	""	"204"	"0"	"1970-01-01 00:00:00"	"2025-10-24 01:11:07"	"2025-10-24 01:11:07"
"https://n8n.juan-tech.com/icons/n8n-nodes-base/dist/nodes/PayPal/paypal.svg"	""	"204"	"0"	"1970-01-01 00:00:00"	"2025-10-24 01:04:38"	"2025-10-24 01:04:38"
"https://n8n.juan-tech.com/icons/n8n-nodes-base/dist/nodes/RabbitMQ/rabbitmq.svg"	""	"204"	"0"	"1970-01-01 00:00:00"	"2025-10-24 00:57:07"	"2025-10-24 00:57:07"
"https://n8n.juan-tech.com/icons/n8n-nodes-base/dist/nodes/Tapfiliate/tapfiliate.svg"	""	"204"	"0"	"1970-01-01 00:00:00"	"2025-10-24 00:50:05"	"2025-10-24 00:50:05"
"https://n8n.juan-tech.com/icons/n8n-nodes-base/dist/nodes/Telegram/telegram.svg"	""	"204"	"0"	"1970-01-01 00:00:00"	"2025-10-24 00:43:33"	"2025-10-24 00:43:33"
"https://n8n.juan-tech.com/icons/@n8n/n8n-nodes-langchain/dist/nodes/llms/LMChatAnthropic/anthropic.svg"	""	"204"	"0"	"1970-01-01 00:00:00"	"2025-10-24 00:29:13"	"2025-10-24 00:29:13"
"https://n8n.juan-tech.com/icons/@n8n/n8n-nodes-langchain/dist/nodes/llms/LmChatGoogleGemini/google.svg"	""	"204"	"0"	"1970-01-01 00:00:00"	"2025-10-24 00:23:02"	"2025-10-24 00:23:02"
"https://n8n.juan-tech.com/icons/@n8n/n8n-nodes-langchain/dist/nodes/llms/LmChatOpenRouter/openrouter.dark.svg"	""	"204"	"0"	"1970-01-01 00:00:00"	"2025-10-24 00:16:52"	"2025-10-24 00:16:52"
"https://n8n.juan-tech.com/icons/@n8n/n8n-nodes-langchain/dist/nodes/vector_store/VectorStoreWeaviate/weaviate.svg"	""	"204"	"0"	"1970-01-01 00:00:00"	"2025-10-24 00:10:05"	"2025-10-24 00:10:05"
"https://n8n.juan-tech.com/icons/n8n-nodes-base/dist/nodes/Aws/sns.svg"	""	"204"	"0"	"1970-01-01 00:00:00"	"2025-10-24 00:03:20"	"2025-10-24 00:03:20"
"https://n8n.juan-tech.com/icons/n8n-nodes-base/dist/nodes/DebugHelper/DebugHelper.dark.svg"	""	"204"	"0"	"1970-01-01 00:00:00"	"2025-10-23 23:57:14"	"2025-10-23 23:57:14"
"https://n8n.juan-tech.com/icons/n8n-nodes-base/dist/nodes/Freshservice/freshservice.svg"	""	"204"	"0"	"1970-01-01 00:00:00"	"2025-10-23 23:49:55"	"2025-10-23 23:49:55"
"https://n8n.juan-tech.com/icons/n8n-nodes-base/dist/nodes/Github/github.dark.svg"	""	"204"	"0"	"1970-01-01 00:00:00"	"2025-10-23 23:42:58"	"2025-10-23 23:42:58"
"https://n8n.juan-tech.com/icons/n8n-nodes-base/dist/nodes/Google/GSuiteAdmin/gSuiteAdmin.svg"	""	"204"	"0"	"1970-01-01 00:00:00"	"2025-10-23 23:36:51"	"2025-10-23 23:36:51"
"https://n8n.juan-tech.com/icons/n8n-nodes-base/dist/nodes/HumanticAI/humanticai.svg"	""	"204"	"0"	"1970-01-01 00:00:00"	"2025-10-23 23:30:26"	"2025-10-23 23:30:26"
"https://n8n.juan-tech.com/icons/n8n-nodes-base/dist/nodes/InvoiceNinja/invoiceNinja.svg"	""	"204"	"0"	"1970-01-01 00:00:00"	"2025-10-23 23:23:22"	"2025-10-23 23:23:22"
"https://n8n.juan-tech.com/icons/n8n-nodes-base/dist/nodes/Postgres/postgres.svg"	""	"204"	"0"	"1970-01-01 00:00:00"	"2025-10-23 23:17:05"	"2025-10-23 23:17:05"
"https://n8n.juan-tech.com/icons/n8n-nodes-base/dist/nodes/Reddit/reddit.svg"	""	"204"	"0"	"1970-01-01 00:00:00"	"2025-10-23 23:10:07"	"2025-10-23 23:10:07"
"https://n8n.juan-tech.com/icons/n8n-nodes-base/dist/nodes/Redis/redis.svg"	""	"204"	"0"	"1970-01-01 00:00:00"	"2025-10-23 23:03:03"	"2025-10-23 23:03:03"
"https://n8n.juan-tech.com/icons/n8n-nodes-base/dist/nodes/Transform/SplitOut/splitOut.svg"	""	"204"	"0"	"1970-01-01 00:00:00"	"2025-10-23 22:55:37"	"2025-10-23 22:55:37"
"https://panel.juan-tech.com/wp-content/uploads/2025/08/consulting-47-300x300.avif"	""	"200"	"0"	"1970-01-01 00:00:00"	"2025-10-23 22:47:47"	"2025-10-23 22:47:47"
"https://n8n.juan-tech.com/icons/n8n-nodes-base/dist/nodes/Aws/IAM/AwsIam.svg"	""	"204"	"0"	"1970-01-01 00:00:00"	"2025-10-23 22:32:18"	"2025-10-23 22:32:18"
"https://n8n.juan-tech.com/icons/n8n-nodes-base/dist/nodes/Aws/Rekognition/rekognition.svg"	""	"204"	"0"	"1970-01-01 00:00:00"	"2025-10-23 22:24:57"	"2025-10-23 22:24:57"
"https://n8n.juan-tech.com/icons/n8n-nodes-base/dist/nodes/Copper/copper.svg"	""	"204"	"0"	"1970-01-01 00:00:00"	"2025-10-23 22:18:07"	"2025-10-23 22:18:07"
"https://n8n.juan-tech.com/icons/n8n-nodes-base/dist/nodes/CrowdDev/crowdDev.dark.svg"	""	"204"	"0"	"1970-01-01 00:00:00"	"2025-10-23 22:10:57"	"2025-10-23 22:10:57"
"https://n8n.juan-tech.com/icons/n8n-nodes-base/dist/nodes/Ghost/ghost.svg"	""	"204"	"0"	"1970-01-01 00:00:00"	"2025-10-23 22:04:25"	"2025-10-23 22:04:25"
"https://n8n.juan-tech.com/icons/n8n-nodes-base/dist/nodes/Google/Ads/googleAds.svg"	""	"204"	"0"	"1970-01-01 00:00:00"	"2025-10-23 21:57:16"	"2025-10-23 21:57:16"
"https://n8n.juan-tech.com/icons/n8n-nodes-base/dist/nodes/Html/html.dark.svg"	""	"204"	"0"	"1970-01-01 00:00:00"	"2025-10-23 21:49:22"	"2025-10-23 21:49:22"
"https://n8n.juan-tech.com/icons/n8n-nodes-base/dist/nodes/LoneScale/loneScale.dark.svg"	""	"204"	"0"	"1970-01-01 00:00:00"	"2025-10-23 21:41:29"	"2025-10-23 21:41:29"
"https://n8n.juan-tech.com/icons/n8n-nodes-base/dist/nodes/Merge/merge.svg"	""	"204"	"0"	"1970-01-01 00:00:00"	"2025-10-23 21:34:23"	"2025-10-23 21:34:23"
"https://n8n.juan-tech.com/icons/n8n-nodes-base/dist/nodes/Mindee/mindee.svg"	""	"204"	"0"	"1970-01-01 00:00:00"	"2025-10-23 21:27:17"	"2025-10-23 21:27:17"
"https://n8n.juan-tech.com/icons/n8n-nodes-base/dist/nodes/Sms77/seven.svg"	""	"204"	"0"	"1970-01-01 00:00:00"	"2025-10-23 21:20:15"	"2025-10-23 21:20:15"
"https://n8n.juan-tech.com/icons/n8n-nodes-base/dist/nodes/UptimeRobot/uptimerobot.svg"	""	"204"	"0"	"1970-01-01 00:00:00"	"2025-10-23 21:12:31"	"2025-10-23 21:12:31"
"https://n8n.juan-tech.com/icons/n8n-nodes-base/dist/nodes/Xero/xero.svg"	""	"204"	"0"	"1970-01-01 00:00:00"	"2025-10-23 21:05:06"	"2025-10-23 21:05:06"
"https://panel.juan-tech.com/wp-content/plugins/mainwp/assets/css/fonts/Inter/Inter-SemiBold.ttf"	""	"200"	"0"	"1970-01-01 00:00:00"	"2025-10-23 20:57:20"	"2025-10-23 20:57:20"
"https://panel.juan-tech.com/wp-content/themes/Divi_5/Divi/onboarding/images/premade.svg"	""	"200"	"0"	"1970-01-01 00:00:00"	"2025-10-23 20:49:54"	"2025-10-23 20:49:54"
"https://n8n.juan-tech.com/icons/n8n-nodes-base/dist/nodes/CoinGecko/coinGecko.svg"	""	"204"	"0"	"1970-01-01 00:00:00"	"2025-10-23 20:24:03"	"2025-10-23 20:24:03"
"https://n8n.juan-tech.com/icons/n8n-nodes-base/dist/nodes/Files/ConvertToFile/convertToFile.dark.svg"	""	"204"	"0"	"1970-01-01 00:00:00"	"2025-10-23 20:17:35"	"2025-10-23 20:17:35"
"https://n8n.juan-tech.com/icons/n8n-nodes-base/dist/nodes/Gitlab/gitlab.svg"	""	"204"	"0"	"1970-01-01 00:00:00"	"2025-10-23 20:10:55"	"2025-10-23 20:10:55"
"https://n8n.juan-tech.com/icons/n8n-nodes-base/dist/nodes/Google/Firebase/RealtimeDatabase/googleFirebaseRealtimeDatabase.svg"	""	"204"	"0"	"1970-01-01 00:00:00"	"2025-10-23 20:04:11"	"2025-10-23 20:04:11"
"https://n8n.juan-tech.com/icons/n8n-nodes-base/dist/nodes/Jenkins/jenkins.svg"	""	"204"	"0"	"1970-01-01 00:00:00"	"2025-10-23 19:58:02"	"2025-10-23 19:58:02"
"https://n8n.juan-tech.com/icons/n8n-nodes-base/dist/nodes/Kitemaker/kitemaker.dark.svg"	""	"204"	"0"	"1970-01-01 00:00:00"	"2025-10-23 19:51:12"	"2025-10-23 19:51:12"
"https://n8n.juan-tech.com/icons/n8n-nodes-base/dist/nodes/Mandrill/mandrill.svg"	""	"204"	"0"	"1970-01-01 00:00:00"	"2025-10-23 19:44:40"	"2025-10-23 19:44:40"
"https://n8n.juan-tech.com/icons/n8n-nodes-base/dist/nodes/Perplexity/perplexity.dark.svg"	""	"204"	"0"	"1970-01-01 00:00:00"	"2025-10-23 19:37:25"	"2025-10-23 19:37:25"
"https://n8n.juan-tech.com/icons/n8n-nodes-base/dist/nodes/PostBin/postbin.svg"	""	"204"	"0"	"1970-01-01 00:00:00"	"2025-10-23 19:30:25"	"2025-10-23 19:30:25"
"https://n8n.juan-tech.com/icons/n8n-nodes-base/dist/nodes/ProfitWell/profitwell.dark.svg"	""	"204"	"0"	"1970-01-01 00:00:00"	"2025-10-23 19:24:16"	"2025-10-23 19:24:16"
"https://n8n.juan-tech.com/icons/n8n-nodes-base/dist/nodes/SentryIo/sentryio.dark.svg"	""	"204"	"0"	"1970-01-01 00:00:00"	"2025-10-23 19:18:10"	"2025-10-23 19:18:10"
"https://n8n.juan-tech.com/icons/n8n-nodes-base/dist/nodes/Webhook/webhook.dark.svg"	""	"204"	"0"	"1970-01-01 00:00:00"	"2025-10-23 19:12:30"	"2025-10-23 19:12:30"
"https://n8n.juan-tech.com/icons/n8n-nodes-base/dist/nodes/Zoho/zoho.svg"	""	"204"	"0"	"1970-01-01 00:00:00"	"2025-10-23 19:05:55"	"2025-10-23 19:05:55"
"https://panel.juan-tech.com/wp-content/themes/Divi_5/Divi/core/admin/fonts/logos/logos.ttf"	""	"200"	"0"	"1970-01-01 00:00:00"	"2025-10-23 18:58:35"	"2025-10-23 18:58:35"
"https://panel.juan-tech.com/wp-content/uploads/2025/08/consulting-17.avif"	""	"200"	"0"	"1970-01-01 00:00:00"	"2025-10-23 18:51:40"	"2025-10-23 18:51:40"
"https://panel.juan-tech.com/wp-content/uploads/2025/08/sol.avif"	""	"200"	"0"	"1970-01-01 00:00:00"	"2025-10-23 18:44:28"	"2025-10-23 18:44:28"
"https://n8n.juan-tech.com/icons/@n8n/n8n-nodes-langchain/dist/nodes/llms/LmChatAwsBedrock/bedrock.svg"	""	"204"	"0"	"1970-01-01 00:00:00"	"2025-10-23 18:34:57"	"2025-10-23 18:34:57"
"https://n8n.juan-tech.com/icons/@n8n/n8n-nodes-langchain/dist/nodes/llms/LmChatXAiGrok/logo.svg"	""	"204"	"0"	"1970-01-01 00:00:00"	"2025-10-23 18:28:53"	"2025-10-23 18:28:53"
"https://n8n.juan-tech.com/icons/n8n-nodes-base/dist/credentials/icons/Trellix.svg"	""	"204"	"0"	"1970-01-01 00:00:00"	"2025-10-23 18:23:05"	"2025-10-23 18:23:05"
"https://n8n.juan-tech.com/icons/n8n-nodes-base/dist/nodes/Airtop/airtop.svg"	""	"204"	"0"	"1970-01-01 00:00:00"	"2025-10-23 18:16:49"	"2025-10-23 18:16:49"
"https://n8n.juan-tech.com/icons/n8n-nodes-base/dist/nodes/Cloudflare/cloudflare.svg"	""	"204"	"0"	"1970-01-01 00:00:00"	"2025-10-23 18:11:08"	"2025-10-23 18:11:08"
"https://n8n.juan-tech.com/icons/n8n-nodes-base/dist/nodes/Coda/coda.svg"	""	"204"	"0"	"1970-01-01 00:00:00"	"2025-10-23 18:05:24"	"2025-10-23 18:05:24"
"https://n8n.juan-tech.com/icons/n8n-nodes-base/dist/nodes/Dropbox/dropbox.svg"	""	"204"	"0"	"1970-01-01 00:00:00"	"2025-10-23 17:59:18"	"2025-10-23 17:59:18"
"https://n8n.juan-tech.com/icons/n8n-nodes-base/dist/nodes/Elastic/ElasticSecurity/elasticSecurity.svg"	""	"204"	"0"	"1970-01-01 00:00:00"	"2025-10-23 17:53:17"	"2025-10-23 17:53:17"
"https://n8n.juan-tech.com/icons/n8n-nodes-base/dist/nodes/FormIo/formio.svg"	""	"204"	"0"	"1970-01-01 00:00:00"	"2025-10-23 17:46:44"	"2025-10-23 17:46:44"
"https://n8n.juan-tech.com/icons/n8n-nodes-base/dist/nodes/HomeAssistant/homeAssistant.svg"	""	"204"	"0"	"1970-01-01 00:00:00"	"2025-10-23 17:40:48"	"2025-10-23 17:40:48"
"https://n8n.juan-tech.com/icons/n8n-nodes-base/dist/nodes/JinaAI/jinaAi.dark.svg"	""	"204"	"0"	"1970-01-01 00:00:00"	"2025-10-23 17:34:59"	"2025-10-23 17:34:59"
"https://n8n.juan-tech.com/icons/n8n-nodes-base/dist/nodes/Npm/npm.svg"	""	"204"	"0"	"1970-01-01 00:00:00"	"2025-10-23 17:29:03"	"2025-10-23 17:29:03"
"https://n8n.juan-tech.com/icons/n8n-nodes-base/dist/nodes/OpenWeatherMap/openWeatherMap.svg"	""	"204"	"0"	"1970-01-01 00:00:00"	"2025-10-23 17:22:54"	"2025-10-23 17:22:54"
"https://n8n.juan-tech.com/icons/n8n-nodes-base/dist/nodes/Plivo/plivo.svg"	""	"204"	"0"	"1970-01-01 00:00:00"	"2025-10-23 17:16:52"	"2025-10-23 17:16:52"
"https://n8n.juan-tech.com/icons/n8n-nodes-base/dist/nodes/Raindrop/raindrop.svg"	""	"204"	"0"	"1970-01-01 00:00:00"	"2025-10-23 17:10:37"	"2025-10-23 17:10:37"
"https://n8n.juan-tech.com/icons/n8n-nodes-base/dist/nodes/Twilio/twilio.svg"	""	"204"	"0"	"1970-01-01 00:00:00"	"2025-10-23 17:04:31"	"2025-10-23 17:04:31"
"https://n8n.juan-tech.com/icons/n8n-nodes-base/dist/nodes/Typeform/typeform.dark.svg"	""	"204"	"0"	"1970-01-01 00:00:00"	"2025-10-23 16:57:37"	"2025-10-23 16:57:37"
"https://n8n.juan-tech.com/icons/n8n-nodes-base/dist/nodes/WhatsApp/whatsapp.svg"	""	"204"	"0"	"1970-01-01 00:00:00"	"2025-10-23 16:50:41"	"2025-10-23 16:50:41"
"https://panel.juan-tech.com/wp-content/plugins/mainwp/assets/js/fomantic-ui/themes/default/assets/fonts/brand-icons.woff2"	""	"200"	"0"	"1970-01-01 00:00:00"	"2025-10-23 16:43:36"	"2025-10-23 16:43:36"
"https://n8n.juan-tech.com/icons/n8n-nodes-base/dist/credentials/icons/Imperva.dark.svg"	""	"204"	"0"	"1970-01-01 00:00:00"	"2025-10-23 16:34:10"	"2025-10-23 16:34:10"
"https://n8n.juan-tech.com/icons/n8n-nodes-base/dist/nodes/ApiTemplateIo/apiTemplateIo.svg"	""	"204"	"0"	"1970-01-01 00:00:00"	"2025-10-23 16:27:56"	"2025-10-23 16:27:56"
"https://n8n.juan-tech.com/icons/n8n-nodes-base/dist/nodes/Aws/SQS/sqs.svg"	""	"204"	"0"	"1970-01-01 00:00:00"	"2025-10-23 16:21:25"	"2025-10-23 16:21:25"
"https://n8n.juan-tech.com/icons/n8n-nodes-base/dist/nodes/Aws/lambda.svg"	""	"204"	"0"	"1970-01-01 00:00:00"	"2025-10-23 16:14:24"	"2025-10-23 16:14:24"
"https://n8n.juan-tech.com/icons/n8n-nodes-base/dist/nodes/Baserow/baserow.svg"	""	"204"	"0"	"1970-01-01 00:00:00"	"2025-10-23 16:08:18"	"2025-10-23 16:08:18"
"https://n8n.juan-tech.com/icons/n8n-nodes-base/dist/nodes/Bitwarden/bitwarden.svg"	""	"204"	"0"	"1970-01-01 00:00:00"	"2025-10-23 16:01:30"	"2025-10-23 16:01:30"
"https://n8n.juan-tech.com/icons/n8n-nodes-base/dist/nodes/ClickUp/clickup.svg"	""	"204"	"0"	"1970-01-01 00:00:00"	"2025-10-23 15:54:33"	"2025-10-23 15:54:33"
"https://n8n.juan-tech.com/icons/n8n-nodes-base/dist/nodes/Elastic/Elasticsearch/elasticsearch.svg"	""	"204"	"0"	"1970-01-01 00:00:00"	"2025-10-23 15:48:08"	"2025-10-23 15:48:08"
"https://n8n.juan-tech.com/icons/n8n-nodes-base/dist/nodes/HelpScout/helpScout.svg"	""	"204"	"0"	"1970-01-01 00:00:00"	"2025-10-23 15:41:21"	"2025-10-23 15:41:21"
"https://n8n.juan-tech.com/icons/n8n-nodes-base/dist/nodes/Ldap/ldap.dark.svg"	""	"204"	"0"	"1970-01-01 00:00:00"	"2025-10-23 15:34:33"	"2025-10-23 15:34:33"
"https://n8n.juan-tech.com/icons/n8n-nodes-base/dist/nodes/Microsoft/OneDrive/oneDrive.svg"	""	"204"	"0"	"1970-01-01 00:00:00"	"2025-10-23 15:27:33"	"2025-10-23 15:27:33"
"https://n8n.juan-tech.com/icons/n8n-nodes-base/dist/nodes/Odoo/odoo.svg"	""	"204"	"0"	"1970-01-01 00:00:00"	"2025-10-23 15:20:27"	"2025-10-23 15:20:27"
"https://n8n.juan-tech.com/icons/n8n-nodes-base/dist/nodes/Pushover/pushover.svg"	""	"204"	"0"	"1970-01-01 00:00:00"	"2025-10-23 15:13:39"	"2025-10-23 15:13:39"
"https://n8n.juan-tech.com/icons/n8n-nodes-base/dist/nodes/RespondToWebhook/webhook.dark.svg"	""	"204"	"0"	"1970-01-01 00:00:00"	"2025-10-23 15:06:23"	"2025-10-23 15:06:23"
"https://n8n.juan-tech.com/icons/n8n-nodes-base/dist/nodes/SendGrid/sendGrid.svg"	""	"204"	"0"	"1970-01-01 00:00:00"	"2025-10-23 14:59:37"	"2025-10-23 14:59:37"
"https://n8n.juan-tech.com/icons/n8n-nodes-base/dist/nodes/Trello/trello.svg"	""	"204"	"0"	"1970-01-01 00:00:00"	"2025-10-23 14:52:54"	"2025-10-23 14:52:54"
"https://n8n.juan-tech.com/icons/n8n-nodes-base/dist/nodes/Vonage/vonage.dark.svg"	""	"204"	"0"	"1970-01-01 00:00:00"	"2025-10-23 14:45:58"	"2025-10-23 14:45:58"
"https://n8n.juan-tech.com/icons/n8n-nodes-base/dist/nodes/Wekan/wekan.svg"	""	"204"	"0"	"1970-01-01 00:00:00"	"2025-10-23 14:37:06"	"2025-10-23 14:37:06"
"https://n8n.juan-tech.com/icons/n8n-nodes-base/dist/nodes/Clearbit/clearbit.svg"	""	"204"	"0"	"1970-01-01 00:00:00"	"2025-10-23 14:29:48"	"2025-10-23 14:29:48"
"https://n8n.juan-tech.com/icons/n8n-nodes-base/dist/nodes/Demio/demio.svg"	""	"204"	"0"	"1970-01-01 00:00:00"	"2025-10-23 14:24:18"	"2025-10-23 14:24:18"
"https://n8n.juan-tech.com/icons/n8n-nodes-base/dist/nodes/Gong/gong.svg"	""	"204"	"0"	"1970-01-01 00:00:00"	"2025-10-23 14:18:54"	"2025-10-23 14:18:54"
"https://n8n.juan-tech.com/icons/n8n-nodes-base/dist/nodes/Google/Task/googleTasks.svg"	""	"204"	"0"	"1970-01-01 00:00:00"	"2025-10-23 14:13:39"	"2025-10-23 14:13:39"
"https://n8n.juan-tech.com/icons/n8n-nodes-base/dist/nodes/Grist/grist.svg"	""	"204"	"0"	"1970-01-01 00:00:00"	"2025-10-23 14:08:08"	"2025-10-23 14:08:08"
"https://n8n.juan-tech.com/icons/n8n-nodes-base/dist/nodes/KoBoToolbox/koBoToolbox.svg"	""	"204"	"0"	"1970-01-01 00:00:00"	"2025-10-23 14:02:18"	"2025-10-23 14:02:18"
"https://n8n.juan-tech.com/icons/n8n-nodes-base/dist/nodes/Magento/magento.svg"	""	"204"	"0"	"1970-01-01 00:00:00"	"2025-10-23 13:56:51"	"2025-10-23 13:56:51"
"https://n8n.juan-tech.com/icons/n8n-nodes-base/dist/nodes/Microsoft/Storage/azureStorage.dark.svg"	""	"204"	"0"	"1970-01-01 00:00:00"	"2025-10-23 13:51:21"	"2025-10-23 13:51:21"
"https://n8n.juan-tech.com/icons/n8n-nodes-base/dist/nodes/Notion/notion.dark.svg"	""	"204"	"0"	"1970-01-01 00:00:00"	"2025-10-23 13:44:05"	"2025-10-23 13:44:05"
"https://n8n.juan-tech.com/icons/n8n-nodes-base/dist/nodes/SecurityScorecard/securityScorecard.svg"	""	"204"	"0"	"1970-01-01 00:00:00"	"2025-10-23 13:36:58"	"2025-10-23 13:36:58"
"https://n8n.juan-tech.com/icons/n8n-nodes-base/dist/nodes/Strapi/strapi.svg"	""	"204"	"0"	"1970-01-01 00:00:00"	"2025-10-23 13:29:51"	"2025-10-23 13:29:51"
"https://panel.juan-tech.com/wp-content/uploads/2025/08/consulting-45-300x300.avif"	""	"200"	"0"	"1970-01-01 00:00:00"	"2025-10-23 12:53:39"	"2025-10-23 12:53:39"
